public_id,collection,doc_id,changed,fields_changed,notes
jmn/ijwvqc1f1q2ksh6xjjmk,posters,67f36e25ebd0d43321bb7854,error,0,Performing an update on the path '_id' would modify the immutable field '_id'
jmn/ijwvqc1f1q2ksh6xjjmk,posters,67f36e76ebd0d43321bb7858,error,0,Performing an update on the path '_id' would modify the immutable field '_id'
jmn/ijwvqc1f1q2ksh6xjjmk,posters,67f37030ebd0d43321bb7862,error,0,Performing an update on the path '_id' would modify the immutable field '_id'
jmn/ijwvqc1f1q2ksh6xjjmk,posters,67f3705eebd0d43321bb786c,error,0,Performing an update on the path '_id' would modify the immutable field '_id'
jmn/ijwvqc1f1q2ksh6xjjmk,posters,67f3706aebd0d43321bb786f,error,0,Performing an update on the path '_id' would modify the immutable field '_id'
jmn/ijwvqc1f1q2ksh6xjjmk,posters,67f37082ebd0d43321bb7872,error,0,Performing an update on the path '_id' would modify the immutable field '_id'
jmn/ijwvqc1f1q2ksh6xjjmk,posters,67f37606df2842741e15fb2c,error,0,Performing an update on the path '_id' would modify the immutable field '_id'
jmn/ijwvqc1f1q2ksh6xjjmk,posters,67f37684ebd0d43321bb7882,error,0,Performing an update on the path '_id' would modify the immutable field '_id'
jmn/ijwvqc1f1q2ksh6xjjmk,posters,67f376abdf2842741e15fb34,error,0,Performing an update on the path '_id' would modify the immutable field '_id'
jmn/ijwvqc1f1q2ksh6xjjmk,posters,67f376bfdf2842741e15fb37,error,0,Performing an update on the path '_id' would modify the immutable field '_id'
jmn/ijwvqc1f1q2ksh6xjjmk,posters,67f376ccdf2842741e15fb3a,error,0,Performing an update on the path '_id' would modify the immutable field '_id'
jmn/ijwvqc1f1q2ksh6xjjmk,posters,67f376d7df2842741e15fb3d,error,0,Performing an update on the path '_id' would modify the immutable field '_id'
jmn/ijwvqc1f1q2ksh6xjjmk,posters,67f376e4df2842741e15fb40,error,0,Performing an update on the path '_id' would modify the immutable field '_id'
jmn/ijwvqc1f1q2ksh6xjjmk,posters,67f376f1df2842741e15fb43,error,0,Performing an update on the path '_id' would modify the immutable field '_id'
jmn/ijwvqc1f1q2ksh6xjjmk,posters,67f376fddf2842741e15fb46,error,0,Performing an update on the path '_id' would modify the immutable field '_id'
jmn/ijwvqc1f1q2ksh6xjjmk,posters,67f3770bdf2842741e15fb49,error,0,Performing an update on the path '_id' would modify the immutable field '_id'
jmn/ijwvqc1f1q2ksh6xjjmk,posters,67f37717df2842741e15fb4c,error,0,Performing an update on the path '_id' would modify the immutable field '_id'
jmn/ijwvqc1f1q2ksh6xjjmk,posters,67f37722df2842741e15fb4f,error,0,Performing an update on the path '_id' would modify the immutable field '_id'
jmn/ijwvqc1f1q2ksh6xjjmk,posters,67f377efdf2842741e15fb57,error,0,Performing an update on the path '_id' would modify the immutable field '_id'
jmn/ijwvqc1f1q2ksh6xjjmk,posters,68148f4e981ccc0580c6d969,error,0,Performing an update on the path '_id' would modify the immutable field '_id'
jmn/ijwvqc1f1q2ksh6xjjmk,posters,68148f92981ccc0580c6d96c,error,0,Performing an update on the path '_id' would modify the immutable field '_id'
jmn/ijwvqc1f1q2ksh6xjjmk,posters,6822f5292530763fdd6d525b,error,0,Performing an update on the path '_id' would modify the immutable field '_id'
jmn/ijwvqc1f1q2ksh6xjjmk,posters,68414770e32babc34086bed0,error,0,Performing an update on the path '_id' would modify the immutable field '_id'
jmn/ijwvqc1f1q2ksh6xjjmk,posters,68414779e32babc34086bed3,error,0,Performing an update on the path '_id' would modify the immutable field '_id'
jmn/ijwvqc1f1q2ksh6xjjmk,posters,68414784e32babc34086bed6,error,0,Performing an update on the path '_id' would modify the immutable field '_id'
jmn/ijwvqc1f1q2ksh6xjjmk,posters,686a938a5281195ea6a04677,error,0,Performing an update on the path '_id' would modify the immutable field '_id'
jmn/ijwvqc1f1q2ksh6xjjmk,posters,686a93b45281195ea6a0467a,error,0,Performing an update on the path '_id' would modify the immutable field '_id'
jmn/ijwvqc1f1q2ksh6xjjmk,posters,686a93df5281195ea6a0467d,error,0,Performing an update on the path '_id' would modify the immutable field '_id'
jmn/ijwvqc1f1q2ksh6xjjmk,posters,686a94105281195ea6a04680,error,0,Performing an update on the path '_id' would modify the immutable field '_id'
jmn/ijwvqc1f1q2ksh6xjjmk,posters,686a94245281195ea6a04683,error,0,Performing an update on the path '_id' would modify the immutable field '_id'
jmn/ijwvqc1f1q2ksh6xjjmk,posters,686a94555281195ea6a04686,error,0,Performing an update on the path '_id' would modify the immutable field '_id'
jmn/ijwvqc1f1q2ksh6xjjmk,posters,6874853478677bd0ee4fdf76,error,0,Performing an update on the path '_id' would modify the immutable field '_id'
jmn/ijwvqc1f1q2ksh6xjjmk,posters,6877d4e837711e2276414d9d,error,0,Performing an update on the path '_id' would modify the immutable field '_id'
jmn/ijwvqc1f1q2ksh6xjjmk,posters,688318e84d9e4428c102deb5,error,0,Performing an update on the path '_id' would modify the immutable field '_id'
jmn/ijwvqc1f1q2ksh6xjjmk,posters,6883193f4d9e4428c102deb8,error,0,Performing an update on the path '_id' would modify the immutable field '_id'
jmn/ijwvqc1f1q2ksh6xjjmk,posters,688319724d9e4428c102debb,error,0,Performing an update on the path '_id' would modify the immutable field '_id'
jmn/ijwvqc1f1q2ksh6xjjmk,posters,68972e1a09a70e298cb1c6fc,error,0,Performing an update on the path '_id' would modify the immutable field '_id'
jmn/ijwvqc1f1q2ksh6xjjmk,posters,68972e3509a70e298cb1c6ff,error,0,Performing an update on the path '_id' would modify the immutable field '_id'
jmn/ijwvqc1f1q2ksh6xjjmk,posters,692d40ccc354b1f5fff32650,false,0,not_changed_after_scan
jmn/rsjfir2kqgyqyyvlnpzf,posters,67f36e25ebd0d43321bb7854,error,0,Performing an update on the path '_id' would modify the immutable field '_id'
jmn/rsjfir2kqgyqyyvlnpzf,posters,67f36e76ebd0d43321bb7858,error,0,Performing an update on the path '_id' would modify the immutable field '_id'
jmn/rsjfir2kqgyqyyvlnpzf,posters,67f37030ebd0d43321bb7862,error,0,Performing an update on the path '_id' would modify the immutable field '_id'
jmn/rsjfir2kqgyqyyvlnpzf,posters,67f3705eebd0d43321bb786c,error,0,Performing an update on the path '_id' would modify the immutable field '_id'
jmn/rsjfir2kqgyqyyvlnpzf,posters,67f3706aebd0d43321bb786f,error,0,Performing an update on the path '_id' would modify the immutable field '_id'
jmn/rsjfir2kqgyqyyvlnpzf,posters,67f37082ebd0d43321bb7872,error,0,Performing an update on the path '_id' would modify the immutable field '_id'
jmn/rsjfir2kqgyqyyvlnpzf,posters,67f37606df2842741e15fb2c,error,0,Performing an update on the path '_id' would modify the immutable field '_id'
jmn/rsjfir2kqgyqyyvlnpzf,posters,67f37684ebd0d43321bb7882,error,0,Performing an update on the path '_id' would modify the immutable field '_id'
jmn/rsjfir2kqgyqyyvlnpzf,posters,67f376abdf2842741e15fb34,error,0,Performing an update on the path '_id' would modify the immutable field '_id'
jmn/rsjfir2kqgyqyyvlnpzf,posters,67f376bfdf2842741e15fb37,error,0,Performing an update on the path '_id' would modify the immutable field '_id'
jmn/rsjfir2kqgyqyyvlnpzf,posters,67f376ccdf2842741e15fb3a,error,0,Performing an update on the path '_id' would modify the immutable field '_id'
jmn/rsjfir2kqgyqyyvlnpzf,posters,67f376d7df2842741e15fb3d,error,0,Performing an update on the path '_id' would modify the immutable field '_id'
jmn/rsjfir2kqgyqyyvlnpzf,posters,67f376e4df2842741e15fb40,error,0,Performing an update on the path '_id' would modify the immutable field '_id'
jmn/rsjfir2kqgyqyyvlnpzf,posters,67f376f1df2842741e15fb43,error,0,Performing an update on the path '_id' would modify the immutable field '_id'
jmn/rsjfir2kqgyqyyvlnpzf,posters,67f376fddf2842741e15fb46,error,0,Performing an update on the path '_id' would modify the immutable field '_id'
jmn/rsjfir2kqgyqyyvlnpzf,posters,67f3770bdf2842741e15fb49,error,0,Performing an update on the path '_id' would modify the immutable field '_id'
jmn/rsjfir2kqgyqyyvlnpzf,posters,67f37717df2842741e15fb4c,error,0,Performing an update on the path '_id' would modify the immutable field '_id'
jmn/rsjfir2kqgyqyyvlnpzf,posters,67f37722df2842741e15fb4f,error,0,Performing an update on the path '_id' would modify the immutable field '_id'
jmn/rsjfir2kqgyqyyvlnpzf,posters,67f377efdf2842741e15fb57,error,0,Performing an update on the path '_id' would modify the immutable field '_id'
jmn/rsjfir2kqgyqyyvlnpzf,posters,68148f4e981ccc0580c6d969,error,0,Performing an update on the path '_id' would modify the immutable field '_id'
jmn/rsjfir2kqgyqyyvlnpzf,posters,68148f92981ccc0580c6d96c,error,0,Performing an update on the path '_id' would modify the immutable field '_id'
jmn/rsjfir2kqgyqyyvlnpzf,posters,6822f5292530763fdd6d525b,error,0,Performing an update on the path '_id' would modify the immutable field '_id'
jmn/rsjfir2kqgyqyyvlnpzf,posters,68414770e32babc34086bed0,error,0,Performing an update on the path '_id' would modify the immutable field '_id'
jmn/rsjfir2kqgyqyyvlnpzf,posters,68414779e32babc34086bed3,error,0,Performing an update on the path '_id' would modify the immutable field '_id'
jmn/rsjfir2kqgyqyyvlnpzf,posters,68414784e32babc34086bed6,error,0,Performing an update on the path '_id' would modify the immutable field '_id'
jmn/rsjfir2kqgyqyyvlnpzf,posters,686a938a5281195ea6a04677,error,0,Performing an update on the path '_id' would modify the immutable field '_id'
jmn/rsjfir2kqgyqyyvlnpzf,posters,686a93b45281195ea6a0467a,error,0,Performing an update on the path '_id' would modify the immutable field '_id'
jmn/rsjfir2kqgyqyyvlnpzf,posters,686a93df5281195ea6a0467d,error,0,Performing an update on the path '_id' would modify the immutable field '_id'
jmn/rsjfir2kqgyqyyvlnpzf,posters,686a94105281195ea6a04680,error,0,Performing an update on the path '_id' would modify the immutable field '_id'
jmn/rsjfir2kqgyqyyvlnpzf,posters,686a94245281195ea6a04683,error,0,Performing an update on the path '_id' would modify the immutable field '_id'
jmn/rsjfir2kqgyqyyvlnpzf,posters,686a94555281195ea6a04686,error,0,Performing an update on the path '_id' would modify the immutable field '_id'
jmn/rsjfir2kqgyqyyvlnpzf,posters,6874853478677bd0ee4fdf76,error,0,Performing an update on the path '_id' would modify the immutable field '_id'
jmn/rsjfir2kqgyqyyvlnpzf,posters,6877d4e837711e2276414d9d,error,0,Performing an update on the path '_id' would modify the immutable field '_id'
jmn/rsjfir2kqgyqyyvlnpzf,posters,688318e84d9e4428c102deb5,error,0,Performing an update on the path '_id' would modify the immutable field '_id'
jmn/rsjfir2kqgyqyyvlnpzf,posters,6883193f4d9e4428c102deb8,error,0,Performing an update on the path '_id' would modify the immutable field '_id'
jmn/rsjfir2kqgyqyyvlnpzf,posters,688319724d9e4428c102debb,error,0,Performing an update on the path '_id' would modify the immutable field '_id'
jmn/rsjfir2kqgyqyyvlnpzf,posters,68972e1a09a70e298cb1c6fc,error,0,Performing an update on the path '_id' would modify the immutable field '_id'
jmn/rsjfir2kqgyqyyvlnpzf,posters,68972e3509a70e298cb1c6ff,error,0,Performing an update on the path '_id' would modify the immutable field '_id'
jmn/rsjfir2kqgyqyyvlnpzf,posters,692d40c0c354b1f5fff3264d,false,0,not_changed_after_scan
jmn/fzxvwofgnuz4cgsqfdyi,posters,67f36e25ebd0d43321bb7854,error,0,Performing an update on the path '_id' would modify the immutable field '_id'
jmn/fzxvwofgnuz4cgsqfdyi,posters,67f36e76ebd0d43321bb7858,error,0,Performing an update on the path '_id' would modify the immutable field '_id'
jmn/fzxvwofgnuz4cgsqfdyi,posters,67f37030ebd0d43321bb7862,error,0,Performing an update on the path '_id' would modify the immutable field '_id'
jmn/fzxvwofgnuz4cgsqfdyi,posters,67f3705eebd0d43321bb786c,error,0,Performing an update on the path '_id' would modify the immutable field '_id'
jmn/fzxvwofgnuz4cgsqfdyi,posters,67f3706aebd0d43321bb786f,error,0,Performing an update on the path '_id' would modify the immutable field '_id'
jmn/fzxvwofgnuz4cgsqfdyi,posters,67f37082ebd0d43321bb7872,error,0,Performing an update on the path '_id' would modify the immutable field '_id'
jmn/fzxvwofgnuz4cgsqfdyi,posters,67f37606df2842741e15fb2c,error,0,Performing an update on the path '_id' would modify the immutable field '_id'
jmn/fzxvwofgnuz4cgsqfdyi,posters,67f37684ebd0d43321bb7882,error,0,Performing an update on the path '_id' would modify the immutable field '_id'
jmn/fzxvwofgnuz4cgsqfdyi,posters,67f376abdf2842741e15fb34,error,0,Performing an update on the path '_id' would modify the immutable field '_id'
jmn/fzxvwofgnuz4cgsqfdyi,posters,67f376bfdf2842741e15fb37,error,0,Performing an update on the path '_id' would modify the immutable field '_id'
jmn/fzxvwofgnuz4cgsqfdyi,posters,67f376ccdf2842741e15fb3a,error,0,Performing an update on the path '_id' would modify the immutable field '_id'
jmn/fzxvwofgnuz4cgsqfdyi,posters,67f376d7df2842741e15fb3d,error,0,Performing an update on the path '_id' would modify the immutable field '_id'
jmn/fzxvwofgnuz4cgsqfdyi,posters,67f376e4df2842741e15fb40,error,0,Performing an update on the path '_id' would modify the immutable field '_id'
jmn/fzxvwofgnuz4cgsqfdyi,posters,67f376f1df2842741e15fb43,error,0,Performing an update on the path '_id' would modify the immutable field '_id'
jmn/fzxvwofgnuz4cgsqfdyi,posters,67f376fddf2842741e15fb46,error,0,Performing an update on the path '_id' would modify the immutable field '_id'
jmn/fzxvwofgnuz4cgsqfdyi,posters,67f3770bdf2842741e15fb49,error,0,Performing an update on the path '_id' would modify the immutable field '_id'
jmn/fzxvwofgnuz4cgsqfdyi,posters,67f37717df2842741e15fb4c,error,0,Performing an update on the path '_id' would modify the immutable field '_id'
jmn/fzxvwofgnuz4cgsqfdyi,posters,67f37722df2842741e15fb4f,error,0,Performing an update on the path '_id' would modify the immutable field '_id'
jmn/fzxvwofgnuz4cgsqfdyi,posters,67f377efdf2842741e15fb57,error,0,Performing an update on the path '_id' would modify the immutable field '_id'
jmn/fzxvwofgnuz4cgsqfdyi,posters,68148f4e981ccc0580c6d969,error,0,Performing an update on the path '_id' would modify the immutable field '_id'
jmn/fzxvwofgnuz4cgsqfdyi,posters,68148f92981ccc0580c6d96c,error,0,Performing an update on the path '_id' would modify the immutable field '_id'
jmn/fzxvwofgnuz4cgsqfdyi,posters,6822f5292530763fdd6d525b,error,0,Performing an update on the path '_id' would modify the immutable field '_id'
jmn/fzxvwofgnuz4cgsqfdyi,posters,68414770e32babc34086bed0,error,0,Performing an update on the path '_id' would modify the immutable field '_id'
jmn/fzxvwofgnuz4cgsqfdyi,posters,68414779e32babc34086bed3,error,0,Performing an update on the path '_id' would modify the immutable field '_id'
jmn/fzxvwofgnuz4cgsqfdyi,posters,68414784e32babc34086bed6,error,0,Performing an update on the path '_id' would modify the immutable field '_id'
jmn/fzxvwofgnuz4cgsqfdyi,posters,686a938a5281195ea6a04677,error,0,Performing an update on the path '_id' would modify the immutable field '_id'
jmn/fzxvwofgnuz4cgsqfdyi,posters,686a93b45281195ea6a0467a,error,0,Performing an update on the path '_id' would modify the immutable field '_id'
jmn/fzxvwofgnuz4cgsqfdyi,posters,686a93df5281195ea6a0467d,error,0,Performing an update on the path '_id' would modify the immutable field '_id'
jmn/fzxvwofgnuz4cgsqfdyi,posters,686a94105281195ea6a04680,error,0,Performing an update on the path '_id' would modify the immutable field '_id'
jmn/fzxvwofgnuz4cgsqfdyi,posters,686a94245281195ea6a04683,error,0,Performing an update on the path '_id' would modify the immutable field '_id'
jmn/fzxvwofgnuz4cgsqfdyi,posters,686a94555281195ea6a04686,error,0,Performing an update on the path '_id' would modify the immutable field '_id'
jmn/fzxvwofgnuz4cgsqfdyi,posters,6874853478677bd0ee4fdf76,error,0,Performing an update on the path '_id' would modify the immutable field '_id'
jmn/fzxvwofgnuz4cgsqfdyi,posters,6877d4e837711e2276414d9d,error,0,Performing an update on the path '_id' would modify the immutable field '_id'
jmn/fzxvwofgnuz4cgsqfdyi,posters,688318e84d9e4428c102deb5,error,0,Performing an update on the path '_id' would modify the immutable field '_id'
jmn/fzxvwofgnuz4cgsqfdyi,posters,6883193f4d9e4428c102deb8,error,0,Performing an update on the path '_id' would modify the immutable field '_id'
jmn/fzxvwofgnuz4cgsqfdyi,posters,688319724d9e4428c102debb,error,0,Performing an update on the path '_id' would modify the immutable field '_id'
jmn/fzxvwofgnuz4cgsqfdyi,posters,68972e1a09a70e298cb1c6fc,error,0,Performing an update on the path '_id' would modify the immutable field '_id'
jmn/fzxvwofgnuz4cgsqfdyi,posters,68972e3509a70e298cb1c6ff,error,0,Performing an update on the path '_id' would modify the immutable field '_id'
jmn/fzxvwofgnuz4cgsqfdyi,posters,692d40d6c354b1f5fff32653,false,0,not_changed_after_scan
jmn/ghhhk0ybi4rordjhtkfd,posters,67f36e25ebd0d43321bb7854,error,0,Performing an update on the path '_id' would modify the immutable field '_id'
jmn/ghhhk0ybi4rordjhtkfd,posters,67f36e76ebd0d43321bb7858,error,0,Performing an update on the path '_id' would modify the immutable field '_id'
jmn/ghhhk0ybi4rordjhtkfd,posters,67f37030ebd0d43321bb7862,error,0,Performing an update on the path '_id' would modify the immutable field '_id'
jmn/ghhhk0ybi4rordjhtkfd,posters,67f3705eebd0d43321bb786c,error,0,Performing an update on the path '_id' would modify the immutable field '_id'
jmn/ghhhk0ybi4rordjhtkfd,posters,67f3706aebd0d43321bb786f,error,0,Performing an update on the path '_id' would modify the immutable field '_id'
jmn/ghhhk0ybi4rordjhtkfd,posters,67f37082ebd0d43321bb7872,error,0,Performing an update on the path '_id' would modify the immutable field '_id'
jmn/ghhhk0ybi4rordjhtkfd,posters,67f37606df2842741e15fb2c,error,0,Performing an update on the path '_id' would modify the immutable field '_id'
jmn/ghhhk0ybi4rordjhtkfd,posters,67f37684ebd0d43321bb7882,error,0,Performing an update on the path '_id' would modify the immutable field '_id'
jmn/ghhhk0ybi4rordjhtkfd,posters,67f376abdf2842741e15fb34,error,0,Performing an update on the path '_id' would modify the immutable field '_id'
jmn/ghhhk0ybi4rordjhtkfd,posters,67f376bfdf2842741e15fb37,error,0,Performing an update on the path '_id' would modify the immutable field '_id'
jmn/ghhhk0ybi4rordjhtkfd,posters,67f376ccdf2842741e15fb3a,error,0,Performing an update on the path '_id' would modify the immutable field '_id'
jmn/ghhhk0ybi4rordjhtkfd,posters,67f376d7df2842741e15fb3d,error,0,Performing an update on the path '_id' would modify the immutable field '_id'
jmn/ghhhk0ybi4rordjhtkfd,posters,67f376e4df2842741e15fb40,error,0,Performing an update on the path '_id' would modify the immutable field '_id'
jmn/ghhhk0ybi4rordjhtkfd,posters,67f376f1df2842741e15fb43,error,0,Performing an update on the path '_id' would modify the immutable field '_id'
jmn/ghhhk0ybi4rordjhtkfd,posters,67f376fddf2842741e15fb46,error,0,Performing an update on the path '_id' would modify the immutable field '_id'
jmn/ghhhk0ybi4rordjhtkfd,posters,67f3770bdf2842741e15fb49,error,0,Performing an update on the path '_id' would modify the immutable field '_id'
jmn/ghhhk0ybi4rordjhtkfd,posters,67f37717df2842741e15fb4c,error,0,Performing an update on the path '_id' would modify the immutable field '_id'
jmn/ghhhk0ybi4rordjhtkfd,posters,67f37722df2842741e15fb4f,error,0,Performing an update on the path '_id' would modify the immutable field '_id'
jmn/ghhhk0ybi4rordjhtkfd,posters,67f377efdf2842741e15fb57,error,0,Performing an update on the path '_id' would modify the immutable field '_id'
jmn/ghhhk0ybi4rordjhtkfd,posters,68148f4e981ccc0580c6d969,error,0,Performing an update on the path '_id' would modify the immutable field '_id'
jmn/ghhhk0ybi4rordjhtkfd,posters,68148f92981ccc0580c6d96c,error,0,Performing an update on the path '_id' would modify the immutable field '_id'
jmn/ghhhk0ybi4rordjhtkfd,posters,6822f5292530763fdd6d525b,error,0,Performing an update on the path '_id' would modify the immutable field '_id'
jmn/ghhhk0ybi4rordjhtkfd,posters,68414770e32babc34086bed0,error,0,Performing an update on the path '_id' would modify the immutable field '_id'
jmn/ghhhk0ybi4rordjhtkfd,posters,68414779e32babc34086bed3,error,0,Performing an update on the path '_id' would modify the immutable field '_id'
jmn/ghhhk0ybi4rordjhtkfd,posters,68414784e32babc34086bed6,error,0,Performing an update on the path '_id' would modify the immutable field '_id'
jmn/ghhhk0ybi4rordjhtkfd,posters,686a938a5281195ea6a04677,error,0,Performing an update on the path '_id' would modify the immutable field '_id'
jmn/ghhhk0ybi4rordjhtkfd,posters,686a93b45281195ea6a0467a,error,0,Performing an update on the path '_id' would modify the immutable field '_id'
jmn/ghhhk0ybi4rordjhtkfd,posters,686a93df5281195ea6a0467d,error,0,Performing an update on the path '_id' would modify the immutable field '_id'
jmn/ghhhk0ybi4rordjhtkfd,posters,686a94105281195ea6a04680,error,0,Performing an update on the path '_id' would modify the immutable field '_id'
jmn/ghhhk0ybi4rordjhtkfd,posters,686a94245281195ea6a04683,error,0,Performing an update on the path '_id' would modify the immutable field '_id'
jmn/ghhhk0ybi4rordjhtkfd,posters,686a94555281195ea6a04686,error,0,Performing an update on the path '_id' would modify the immutable field '_id'
jmn/ghhhk0ybi4rordjhtkfd,posters,6874853478677bd0ee4fdf76,error,0,Performing an update on the path '_id' would modify the immutable field '_id'
jmn/ghhhk0ybi4rordjhtkfd,posters,6877d4e837711e2276414d9d,error,0,Performing an update on the path '_id' would modify the immutable field '_id'
jmn/ghhhk0ybi4rordjhtkfd,posters,688318e84d9e4428c102deb5,error,0,Performing an update on the path '_id' would modify the immutable field '_id'
jmn/ghhhk0ybi4rordjhtkfd,posters,6883193f4d9e4428c102deb8,error,0,Performing an update on the path '_id' would modify the immutable field '_id'
jmn/ghhhk0ybi4rordjhtkfd,posters,688319724d9e4428c102debb,error,0,Performing an update on the path '_id' would modify the immutable field '_id'
jmn/ghhhk0ybi4rordjhtkfd,posters,68972e1a09a70e298cb1c6fc,error,0,Performing an update on the path '_id' would modify the immutable field '_id'
jmn/ghhhk0ybi4rordjhtkfd,posters,68972e3509a70e298cb1c6ff,error,0,Performing an update on the path '_id' would modify the immutable field '_id'
jmn/ghhhk0ybi4rordjhtkfd,posters,692d3ff8c354b1f5fff32641,false,0,not_changed_after_scan
jmn/b2b8tdb2u48t1qnmwfnj,posters,67f36e25ebd0d43321bb7854,error,0,Performing an update on the path '_id' would modify the immutable field '_id'
jmn/b2b8tdb2u48t1qnmwfnj,posters,67f36e76ebd0d43321bb7858,error,0,Performing an update on the path '_id' would modify the immutable field '_id'
jmn/b2b8tdb2u48t1qnmwfnj,posters,67f37030ebd0d43321bb7862,error,0,Performing an update on the path '_id' would modify the immutable field '_id'
jmn/b2b8tdb2u48t1qnmwfnj,posters,67f3705eebd0d43321bb786c,error,0,Performing an update on the path '_id' would modify the immutable field '_id'
jmn/b2b8tdb2u48t1qnmwfnj,posters,67f3706aebd0d43321bb786f,error,0,Performing an update on the path '_id' would modify the immutable field '_id'
jmn/b2b8tdb2u48t1qnmwfnj,posters,67f37082ebd0d43321bb7872,error,0,Performing an update on the path '_id' would modify the immutable field '_id'
jmn/b2b8tdb2u48t1qnmwfnj,posters,67f37606df2842741e15fb2c,error,0,Performing an update on the path '_id' would modify the immutable field '_id'
jmn/b2b8tdb2u48t1qnmwfnj,posters,67f37684ebd0d43321bb7882,error,0,Performing an update on the path '_id' would modify the immutable field '_id'
jmn/b2b8tdb2u48t1qnmwfnj,posters,67f376abdf2842741e15fb34,error,0,Performing an update on the path '_id' would modify the immutable field '_id'
jmn/b2b8tdb2u48t1qnmwfnj,posters,67f376bfdf2842741e15fb37,error,0,Performing an update on the path '_id' would modify the immutable field '_id'
jmn/b2b8tdb2u48t1qnmwfnj,posters,67f376ccdf2842741e15fb3a,error,0,Performing an update on the path '_id' would modify the immutable field '_id'
jmn/b2b8tdb2u48t1qnmwfnj,posters,67f376d7df2842741e15fb3d,error,0,Performing an update on the path '_id' would modify the immutable field '_id'
jmn/b2b8tdb2u48t1qnmwfnj,posters,67f376e4df2842741e15fb40,error,0,Performing an update on the path '_id' would modify the immutable field '_id'
jmn/b2b8tdb2u48t1qnmwfnj,posters,67f376f1df2842741e15fb43,error,0,Performing an update on the path '_id' would modify the immutable field '_id'
jmn/b2b8tdb2u48t1qnmwfnj,posters,67f376fddf2842741e15fb46,error,0,Performing an update on the path '_id' would modify the immutable field '_id'
jmn/b2b8tdb2u48t1qnmwfnj,posters,67f3770bdf2842741e15fb49,error,0,Performing an update on the path '_id' would modify the immutable field '_id'
jmn/b2b8tdb2u48t1qnmwfnj,posters,67f37717df2842741e15fb4c,error,0,Performing an update on the path '_id' would modify the immutable field '_id'
jmn/b2b8tdb2u48t1qnmwfnj,posters,67f37722df2842741e15fb4f,error,0,Performing an update on the path '_id' would modify the immutable field '_id'
jmn/b2b8tdb2u48t1qnmwfnj,posters,67f377efdf2842741e15fb57,error,0,Performing an update on the path '_id' would modify the immutable field '_id'
jmn/b2b8tdb2u48t1qnmwfnj,posters,68148f4e981ccc0580c6d969,error,0,Performing an update on the path '_id' would modify the immutable field '_id'
jmn/b2b8tdb2u48t1qnmwfnj,posters,68148f92981ccc0580c6d96c,error,0,Performing an update on the path '_id' would modify the immutable field '_id'
jmn/b2b8tdb2u48t1qnmwfnj,posters,6822f5292530763fdd6d525b,error,0,Performing an update on the path '_id' would modify the immutable field '_id'
jmn/b2b8tdb2u48t1qnmwfnj,posters,68414770e32babc34086bed0,error,0,Performing an update on the path '_id' would modify the immutable field '_id'
jmn/b2b8tdb2u48t1qnmwfnj,posters,68414779e32babc34086bed3,error,0,Performing an update on the path '_id' would modify the immutable field '_id'
jmn/b2b8tdb2u48t1qnmwfnj,posters,68414784e32babc34086bed6,error,0,Performing an update on the path '_id' would modify the immutable field '_id'
jmn/b2b8tdb2u48t1qnmwfnj,posters,686a938a5281195ea6a04677,error,0,Performing an update on the path '_id' would modify the immutable field '_id'
jmn/b2b8tdb2u48t1qnmwfnj,posters,686a93b45281195ea6a0467a,error,0,Performing an update on the path '_id' would modify the immutable field '_id'
jmn/b2b8tdb2u48t1qnmwfnj,posters,686a93df5281195ea6a0467d,error,0,Performing an update on the path '_id' would modify the immutable field '_id'
jmn/b2b8tdb2u48t1qnmwfnj,posters,686a94105281195ea6a04680,error,0,Performing an update on the path '_id' would modify the immutable field '_id'
jmn/b2b8tdb2u48t1qnmwfnj,posters,686a94245281195ea6a04683,error,0,Performing an update on the path '_id' would modify the immutable field '_id'
jmn/b2b8tdb2u48t1qnmwfnj,posters,686a94555281195ea6a04686,error,0,Performing an update on the path '_id' would modify the immutable field '_id'
jmn/b2b8tdb2u48t1qnmwfnj,posters,6874853478677bd0ee4fdf76,error,0,Performing an update on the path '_id' would modify the immutable field '_id'
jmn/b2b8tdb2u48t1qnmwfnj,posters,6877d4e837711e2276414d9d,error,0,Performing an update on the path '_id' would modify the immutable field '_id'
jmn/b2b8tdb2u48t1qnmwfnj,posters,688318e84d9e4428c102deb5,error,0,Performing an update on the path '_id' would modify the immutable field '_id'
jmn/b2b8tdb2u48t1qnmwfnj,posters,6883193f4d9e4428c102deb8,error,0,Performing an update on the path '_id' would modify the immutable field '_id'
jmn/b2b8tdb2u48t1qnmwfnj,posters,688319724d9e4428c102debb,error,0,Performing an update on the path '_id' would modify the immutable field '_id'
jmn/b2b8tdb2u48t1qnmwfnj,posters,68972e1a09a70e298cb1c6fc,error,0,Performing an update on the path '_id' would modify the immutable field '_id'
jmn/b2b8tdb2u48t1qnmwfnj,posters,68972e3509a70e298cb1c6ff,error,0,Performing an update on the path '_id' would modify the immutable field '_id'
jmn/b2b8tdb2u48t1qnmwfnj,posters,692d3fcbc354b1f5fff3263e,false,0,not_changed_after_scan
jmn/pmbwvphelt4hchx1khxt,posters,67f36e25ebd0d43321bb7854,error,0,Performing an update on the path '_id' would modify the immutable field '_id'
jmn/pmbwvphelt4hchx1khxt,posters,67f36e76ebd0d43321bb7858,error,0,Performing an update on the path '_id' would modify the immutable field '_id'
jmn/pmbwvphelt4hchx1khxt,posters,67f37030ebd0d43321bb7862,error,0,Performing an update on the path '_id' would modify the immutable field '_id'
jmn/pmbwvphelt4hchx1khxt,posters,67f3705eebd0d43321bb786c,error,0,Performing an update on the path '_id' would modify the immutable field '_id'
jmn/pmbwvphelt4hchx1khxt,posters,67f3706aebd0d43321bb786f,error,0,Performing an update on the path '_id' would modify the immutable field '_id'
jmn/pmbwvphelt4hchx1khxt,posters,67f37082ebd0d43321bb7872,error,0,Performing an update on the path '_id' would modify the immutable field '_id'
jmn/pmbwvphelt4hchx1khxt,posters,67f37606df2842741e15fb2c,error,0,Performing an update on the path '_id' would modify the immutable field '_id'
jmn/pmbwvphelt4hchx1khxt,posters,67f37684ebd0d43321bb7882,error,0,Performing an update on the path '_id' would modify the immutable field '_id'
jmn/pmbwvphelt4hchx1khxt,posters,67f376abdf2842741e15fb34,error,0,Performing an update on the path '_id' would modify the immutable field '_id'
jmn/pmbwvphelt4hchx1khxt,posters,67f376bfdf2842741e15fb37,error,0,Performing an update on the path '_id' would modify the immutable field '_id'
jmn/pmbwvphelt4hchx1khxt,posters,67f376ccdf2842741e15fb3a,error,0,Performing an update on the path '_id' would modify the immutable field '_id'
jmn/pmbwvphelt4hchx1khxt,posters,67f376d7df2842741e15fb3d,error,0,Performing an update on the path '_id' would modify the immutable field '_id'
jmn/pmbwvphelt4hchx1khxt,posters,67f376e4df2842741e15fb40,error,0,Performing an update on the path '_id' would modify the immutable field '_id'
jmn/pmbwvphelt4hchx1khxt,posters,67f376f1df2842741e15fb43,error,0,Performing an update on the path '_id' would modify the immutable field '_id'
jmn/pmbwvphelt4hchx1khxt,posters,67f376fddf2842741e15fb46,error,0,Performing an update on the path '_id' would modify the immutable field '_id'
jmn/pmbwvphelt4hchx1khxt,posters,67f3770bdf2842741e15fb49,error,0,Performing an update on the path '_id' would modify the immutable field '_id'
jmn/pmbwvphelt4hchx1khxt,posters,67f37717df2842741e15fb4c,error,0,Performing an update on the path '_id' would modify the immutable field '_id'
jmn/pmbwvphelt4hchx1khxt,posters,67f37722df2842741e15fb4f,error,0,Performing an update on the path '_id' would modify the immutable field '_id'
jmn/pmbwvphelt4hchx1khxt,posters,67f377efdf2842741e15fb57,error,0,Performing an update on the path '_id' would modify the immutable field '_id'
jmn/pmbwvphelt4hchx1khxt,posters,68148f4e981ccc0580c6d969,error,0,Performing an update on the path '_id' would modify the immutable field '_id'
jmn/pmbwvphelt4hchx1khxt,posters,68148f92981ccc0580c6d96c,error,0,Performing an update on the path '_id' would modify the immutable field '_id'
jmn/pmbwvphelt4hchx1khxt,posters,6822f5292530763fdd6d525b,error,0,Performing an update on the path '_id' would modify the immutable field '_id'
jmn/pmbwvphelt4hchx1khxt,posters,68414770e32babc34086bed0,error,0,Performing an update on the path '_id' would modify the immutable field '_id'
jmn/pmbwvphelt4hchx1khxt,posters,68414779e32babc34086bed3,error,0,Performing an update on the path '_id' would modify the immutable field '_id'
jmn/pmbwvphelt4hchx1khxt,posters,68414784e32babc34086bed6,error,0,Performing an update on the path '_id' would modify the immutable field '_id'
jmn/pmbwvphelt4hchx1khxt,posters,686a938a5281195ea6a04677,error,0,Performing an update on the path '_id' would modify the immutable field '_id'
jmn/pmbwvphelt4hchx1khxt,posters,686a93b45281195ea6a0467a,error,0,Performing an update on the path '_id' would modify the immutable field '_id'
jmn/pmbwvphelt4hchx1khxt,posters,686a93df5281195ea6a0467d,error,0,Performing an update on the path '_id' would modify the immutable field '_id'
jmn/pmbwvphelt4hchx1khxt,posters,686a94105281195ea6a04680,error,0,Performing an update on the path '_id' would modify the immutable field '_id'
jmn/pmbwvphelt4hchx1khxt,posters,686a94245281195ea6a04683,error,0,Performing an update on the path '_id' would modify the immutable field '_id'
jmn/pmbwvphelt4hchx1khxt,posters,686a94555281195ea6a04686,error,0,Performing an update on the path '_id' would modify the immutable field '_id'
jmn/pmbwvphelt4hchx1khxt,posters,6874853478677bd0ee4fdf76,error,0,Performing an update on the path '_id' would modify the immutable field '_id'
jmn/pmbwvphelt4hchx1khxt,posters,6877d4e837711e2276414d9d,error,0,Performing an update on the path '_id' would modify the immutable field '_id'
jmn/pmbwvphelt4hchx1khxt,posters,688318e84d9e4428c102deb5,error,0,Performing an update on the path '_id' would modify the immutable field '_id'
jmn/pmbwvphelt4hchx1khxt,posters,6883193f4d9e4428c102deb8,error,0,Performing an update on the path '_id' would modify the immutable field '_id'
jmn/pmbwvphelt4hchx1khxt,posters,688319724d9e4428c102debb,error,0,Performing an update on the path '_id' would modify the immutable field '_id'
jmn/pmbwvphelt4hchx1khxt,posters,68972e1a09a70e298cb1c6fc,error,0,Performing an update on the path '_id' would modify the immutable field '_id'
jmn/pmbwvphelt4hchx1khxt,posters,68972e3509a70e298cb1c6ff,error,0,Performing an update on the path '_id' would modify the immutable field '_id'
jmn/pmbwvphelt4hchx1khxt,posters,692d3f91c354b1f5fff3263b,false,0,not_changed_after_scan
jmn/e7spyi12qy1qzhgy39d4,posters,67f36e25ebd0d43321bb7854,error,0,Performing an update on the path '_id' would modify the immutable field '_id'
jmn/e7spyi12qy1qzhgy39d4,posters,67f36e76ebd0d43321bb7858,error,0,Performing an update on the path '_id' would modify the immutable field '_id'
jmn/e7spyi12qy1qzhgy39d4,posters,67f37030ebd0d43321bb7862,error,0,Performing an update on the path '_id' would modify the immutable field '_id'
jmn/e7spyi12qy1qzhgy39d4,posters,67f3705eebd0d43321bb786c,error,0,Performing an update on the path '_id' would modify the immutable field '_id'
jmn/e7spyi12qy1qzhgy39d4,posters,67f3706aebd0d43321bb786f,error,0,Performing an update on the path '_id' would modify the immutable field '_id'
jmn/e7spyi12qy1qzhgy39d4,posters,67f37082ebd0d43321bb7872,error,0,Performing an update on the path '_id' would modify the immutable field '_id'
jmn/e7spyi12qy1qzhgy39d4,posters,67f37606df2842741e15fb2c,error,0,Performing an update on the path '_id' would modify the immutable field '_id'
jmn/e7spyi12qy1qzhgy39d4,posters,67f37684ebd0d43321bb7882,error,0,Performing an update on the path '_id' would modify the immutable field '_id'
jmn/e7spyi12qy1qzhgy39d4,posters,67f376abdf2842741e15fb34,error,0,Performing an update on the path '_id' would modify the immutable field '_id'
jmn/e7spyi12qy1qzhgy39d4,posters,67f376bfdf2842741e15fb37,error,0,Performing an update on the path '_id' would modify the immutable field '_id'
jmn/e7spyi12qy1qzhgy39d4,posters,67f376ccdf2842741e15fb3a,error,0,Performing an update on the path '_id' would modify the immutable field '_id'
jmn/e7spyi12qy1qzhgy39d4,posters,67f376d7df2842741e15fb3d,error,0,Performing an update on the path '_id' would modify the immutable field '_id'
jmn/e7spyi12qy1qzhgy39d4,posters,67f376e4df2842741e15fb40,error,0,Performing an update on the path '_id' would modify the immutable field '_id'
jmn/e7spyi12qy1qzhgy39d4,posters,67f376f1df2842741e15fb43,error,0,Performing an update on the path '_id' would modify the immutable field '_id'
jmn/e7spyi12qy1qzhgy39d4,posters,67f376fddf2842741e15fb46,error,0,Performing an update on the path '_id' would modify the immutable field '_id'
jmn/e7spyi12qy1qzhgy39d4,posters,67f3770bdf2842741e15fb49,error,0,Performing an update on the path '_id' would modify the immutable field '_id'
jmn/e7spyi12qy1qzhgy39d4,posters,67f37717df2842741e15fb4c,error,0,Performing an update on the path '_id' would modify the immutable field '_id'
jmn/e7spyi12qy1qzhgy39d4,posters,67f37722df2842741e15fb4f,error,0,Performing an update on the path '_id' would modify the immutable field '_id'
jmn/e7spyi12qy1qzhgy39d4,posters,67f377efdf2842741e15fb57,error,0,Performing an update on the path '_id' would modify the immutable field '_id'
jmn/e7spyi12qy1qzhgy39d4,posters,68148f4e981ccc0580c6d969,error,0,Performing an update on the path '_id' would modify the immutable field '_id'
jmn/e7spyi12qy1qzhgy39d4,posters,68148f92981ccc0580c6d96c,error,0,Performing an update on the path '_id' would modify the immutable field '_id'
jmn/e7spyi12qy1qzhgy39d4,posters,6822f5292530763fdd6d525b,error,0,Performing an update on the path '_id' would modify the immutable field '_id'
jmn/e7spyi12qy1qzhgy39d4,posters,68414770e32babc34086bed0,error,0,Performing an update on the path '_id' would modify the immutable field '_id'
jmn/e7spyi12qy1qzhgy39d4,posters,68414779e32babc34086bed3,error,0,Performing an update on the path '_id' would modify the immutable field '_id'
jmn/e7spyi12qy1qzhgy39d4,posters,68414784e32babc34086bed6,error,0,Performing an update on the path '_id' would modify the immutable field '_id'
jmn/e7spyi12qy1qzhgy39d4,posters,686a938a5281195ea6a04677,error,0,Performing an update on the path '_id' would modify the immutable field '_id'
jmn/e7spyi12qy1qzhgy39d4,posters,686a93b45281195ea6a0467a,error,0,Performing an update on the path '_id' would modify the immutable field '_id'
jmn/e7spyi12qy1qzhgy39d4,posters,686a93df5281195ea6a0467d,error,0,Performing an update on the path '_id' would modify the immutable field '_id'
jmn/e7spyi12qy1qzhgy39d4,posters,686a94105281195ea6a04680,error,0,Performing an update on the path '_id' would modify the immutable field '_id'
jmn/e7spyi12qy1qzhgy39d4,posters,686a94245281195ea6a04683,error,0,Performing an update on the path '_id' would modify the immutable field '_id'
jmn/e7spyi12qy1qzhgy39d4,posters,686a94555281195ea6a04686,error,0,Performing an update on the path '_id' would modify the immutable field '_id'
jmn/e7spyi12qy1qzhgy39d4,posters,6874853478677bd0ee4fdf76,error,0,Performing an update on the path '_id' would modify the immutable field '_id'
jmn/e7spyi12qy1qzhgy39d4,posters,6877d4e837711e2276414d9d,error,0,Performing an update on the path '_id' would modify the immutable field '_id'
jmn/e7spyi12qy1qzhgy39d4,posters,688318e84d9e4428c102deb5,error,0,Performing an update on the path '_id' would modify the immutable field '_id'
jmn/e7spyi12qy1qzhgy39d4,posters,6883193f4d9e4428c102deb8,error,0,Performing an update on the path '_id' would modify the immutable field '_id'
jmn/e7spyi12qy1qzhgy39d4,posters,688319724d9e4428c102debb,error,0,Performing an update on the path '_id' would modify the immutable field '_id'
jmn/e7spyi12qy1qzhgy39d4,posters,68972e1a09a70e298cb1c6fc,error,0,Performing an update on the path '_id' would modify the immutable field '_id'
jmn/e7spyi12qy1qzhgy39d4,posters,68972e3509a70e298cb1c6ff,error,0,Performing an update on the path '_id' would modify the immutable field '_id'
jmn/e7spyi12qy1qzhgy39d4,posters,692d402ec354b1f5fff32644,false,0,not_changed_after_scan
jmn/hzmnwft7ncnacjo74me0,posters,67f36e25ebd0d43321bb7854,error,0,Performing an update on the path '_id' would modify the immutable field '_id'
jmn/hzmnwft7ncnacjo74me0,posters,67f36e76ebd0d43321bb7858,error,0,Performing an update on the path '_id' would modify the immutable field '_id'
jmn/hzmnwft7ncnacjo74me0,posters,67f37030ebd0d43321bb7862,error,0,Performing an update on the path '_id' would modify the immutable field '_id'
jmn/hzmnwft7ncnacjo74me0,posters,67f3705eebd0d43321bb786c,error,0,Performing an update on the path '_id' would modify the immutable field '_id'
jmn/hzmnwft7ncnacjo74me0,posters,67f3706aebd0d43321bb786f,error,0,Performing an update on the path '_id' would modify the immutable field '_id'
jmn/hzmnwft7ncnacjo74me0,posters,67f37082ebd0d43321bb7872,error,0,Performing an update on the path '_id' would modify the immutable field '_id'
jmn/hzmnwft7ncnacjo74me0,posters,67f37606df2842741e15fb2c,error,0,Performing an update on the path '_id' would modify the immutable field '_id'
jmn/hzmnwft7ncnacjo74me0,posters,67f37684ebd0d43321bb7882,error,0,Performing an update on the path '_id' would modify the immutable field '_id'
jmn/hzmnwft7ncnacjo74me0,posters,67f376abdf2842741e15fb34,error,0,Performing an update on the path '_id' would modify the immutable field '_id'
jmn/hzmnwft7ncnacjo74me0,posters,67f376bfdf2842741e15fb37,error,0,Performing an update on the path '_id' would modify the immutable field '_id'
jmn/hzmnwft7ncnacjo74me0,posters,67f376ccdf2842741e15fb3a,error,0,Performing an update on the path '_id' would modify the immutable field '_id'
jmn/hzmnwft7ncnacjo74me0,posters,67f376d7df2842741e15fb3d,error,0,Performing an update on the path '_id' would modify the immutable field '_id'
jmn/hzmnwft7ncnacjo74me0,posters,67f376e4df2842741e15fb40,error,0,Performing an update on the path '_id' would modify the immutable field '_id'
jmn/hzmnwft7ncnacjo74me0,posters,67f376f1df2842741e15fb43,error,0,Performing an update on the path '_id' would modify the immutable field '_id'
jmn/hzmnwft7ncnacjo74me0,posters,67f376fddf2842741e15fb46,error,0,Performing an update on the path '_id' would modify the immutable field '_id'
jmn/hzmnwft7ncnacjo74me0,posters,67f3770bdf2842741e15fb49,error,0,Performing an update on the path '_id' would modify the immutable field '_id'
jmn/hzmnwft7ncnacjo74me0,posters,67f37717df2842741e15fb4c,error,0,Performing an update on the path '_id' would modify the immutable field '_id'
jmn/hzmnwft7ncnacjo74me0,posters,67f37722df2842741e15fb4f,error,0,Performing an update on the path '_id' would modify the immutable field '_id'
jmn/hzmnwft7ncnacjo74me0,posters,67f377efdf2842741e15fb57,error,0,Performing an update on the path '_id' would modify the immutable field '_id'
jmn/hzmnwft7ncnacjo74me0,posters,68148f4e981ccc0580c6d969,error,0,Performing an update on the path '_id' would modify the immutable field '_id'
jmn/hzmnwft7ncnacjo74me0,posters,68148f92981ccc0580c6d96c,error,0,Performing an update on the path '_id' would modify the immutable field '_id'
jmn/hzmnwft7ncnacjo74me0,posters,6822f5292530763fdd6d525b,error,0,Performing an update on the path '_id' would modify the immutable field '_id'
jmn/hzmnwft7ncnacjo74me0,posters,68414770e32babc34086bed0,error,0,Performing an update on the path '_id' would modify the immutable field '_id'
jmn/hzmnwft7ncnacjo74me0,posters,68414779e32babc34086bed3,error,0,Performing an update on the path '_id' would modify the immutable field '_id'
jmn/hzmnwft7ncnacjo74me0,posters,68414784e32babc34086bed6,error,0,Performing an update on the path '_id' would modify the immutable field '_id'
jmn/hzmnwft7ncnacjo74me0,posters,686a938a5281195ea6a04677,error,0,Performing an update on the path '_id' would modify the immutable field '_id'
jmn/hzmnwft7ncnacjo74me0,posters,686a93b45281195ea6a0467a,error,0,Performing an update on the path '_id' would modify the immutable field '_id'
jmn/hzmnwft7ncnacjo74me0,posters,686a93df5281195ea6a0467d,error,0,Performing an update on the path '_id' would modify the immutable field '_id'
jmn/hzmnwft7ncnacjo74me0,posters,686a94105281195ea6a04680,error,0,Performing an update on the path '_id' would modify the immutable field '_id'
jmn/hzmnwft7ncnacjo74me0,posters,686a94245281195ea6a04683,error,0,Performing an update on the path '_id' would modify the immutable field '_id'
jmn/hzmnwft7ncnacjo74me0,posters,686a94555281195ea6a04686,error,0,Performing an update on the path '_id' would modify the immutable field '_id'
jmn/hzmnwft7ncnacjo74me0,posters,6874853478677bd0ee4fdf76,error,0,Performing an update on the path '_id' would modify the immutable field '_id'
jmn/hzmnwft7ncnacjo74me0,posters,6877d4e837711e2276414d9d,error,0,Performing an update on the path '_id' would modify the immutable field '_id'
jmn/hzmnwft7ncnacjo74me0,posters,688318e84d9e4428c102deb5,error,0,Performing an update on the path '_id' would modify the immutable field '_id'
jmn/hzmnwft7ncnacjo74me0,posters,6883193f4d9e4428c102deb8,error,0,Performing an update on the path '_id' would modify the immutable field '_id'
jmn/hzmnwft7ncnacjo74me0,posters,688319724d9e4428c102debb,error,0,Performing an update on the path '_id' would modify the immutable field '_id'
jmn/hzmnwft7ncnacjo74me0,posters,68972e1a09a70e298cb1c6fc,error,0,Performing an update on the path '_id' would modify the immutable field '_id'
jmn/hzmnwft7ncnacjo74me0,posters,68972e3509a70e298cb1c6ff,error,0,Performing an update on the path '_id' would modify the immutable field '_id'
jmn/hzmnwft7ncnacjo74me0,posters,692d3f59c354b1f5fff32637,false,0,not_changed_after_scan
jmn/novjuqc9u2mo0dxialq0,posters,67f36e25ebd0d43321bb7854,error,0,Performing an update on the path '_id' would modify the immutable field '_id'
jmn/novjuqc9u2mo0dxialq0,posters,67f36e76ebd0d43321bb7858,error,0,Performing an update on the path '_id' would modify the immutable field '_id'
jmn/novjuqc9u2mo0dxialq0,posters,67f37030ebd0d43321bb7862,error,0,Performing an update on the path '_id' would modify the immutable field '_id'
jmn/novjuqc9u2mo0dxialq0,posters,67f3705eebd0d43321bb786c,error,0,Performing an update on the path '_id' would modify the immutable field '_id'
jmn/novjuqc9u2mo0dxialq0,posters,67f3706aebd0d43321bb786f,error,0,Performing an update on the path '_id' would modify the immutable field '_id'
jmn/novjuqc9u2mo0dxialq0,posters,67f37082ebd0d43321bb7872,error,0,Performing an update on the path '_id' would modify the immutable field '_id'
jmn/novjuqc9u2mo0dxialq0,posters,67f37606df2842741e15fb2c,error,0,Performing an update on the path '_id' would modify the immutable field '_id'
jmn/novjuqc9u2mo0dxialq0,posters,67f37684ebd0d43321bb7882,error,0,Performing an update on the path '_id' would modify the immutable field '_id'
jmn/novjuqc9u2mo0dxialq0,posters,67f376abdf2842741e15fb34,error,0,Performing an update on the path '_id' would modify the immutable field '_id'
jmn/novjuqc9u2mo0dxialq0,posters,67f376bfdf2842741e15fb37,error,0,Performing an update on the path '_id' would modify the immutable field '_id'
jmn/novjuqc9u2mo0dxialq0,posters,67f376ccdf2842741e15fb3a,error,0,Performing an update on the path '_id' would modify the immutable field '_id'
jmn/novjuqc9u2mo0dxialq0,posters,67f376d7df2842741e15fb3d,error,0,Performing an update on the path '_id' would modify the immutable field '_id'
jmn/novjuqc9u2mo0dxialq0,posters,67f376e4df2842741e15fb40,error,0,Performing an update on the path '_id' would modify the immutable field '_id'
jmn/novjuqc9u2mo0dxialq0,posters,67f376f1df2842741e15fb43,error,0,Performing an update on the path '_id' would modify the immutable field '_id'
jmn/novjuqc9u2mo0dxialq0,posters,67f376fddf2842741e15fb46,error,0,Performing an update on the path '_id' would modify the immutable field '_id'
jmn/novjuqc9u2mo0dxialq0,posters,67f3770bdf2842741e15fb49,error,0,Performing an update on the path '_id' would modify the immutable field '_id'
jmn/novjuqc9u2mo0dxialq0,posters,67f37717df2842741e15fb4c,error,0,Performing an update on the path '_id' would modify the immutable field '_id'
jmn/novjuqc9u2mo0dxialq0,posters,67f37722df2842741e15fb4f,error,0,Performing an update on the path '_id' would modify the immutable field '_id'
jmn/novjuqc9u2mo0dxialq0,posters,67f377efdf2842741e15fb57,error,0,Performing an update on the path '_id' would modify the immutable field '_id'
jmn/novjuqc9u2mo0dxialq0,posters,68148f4e981ccc0580c6d969,error,0,Performing an update on the path '_id' would modify the immutable field '_id'
jmn/novjuqc9u2mo0dxialq0,posters,68148f92981ccc0580c6d96c,error,0,Performing an update on the path '_id' would modify the immutable field '_id'
jmn/novjuqc9u2mo0dxialq0,posters,6822f5292530763fdd6d525b,error,0,Performing an update on the path '_id' would modify the immutable field '_id'
jmn/novjuqc9u2mo0dxialq0,posters,68414770e32babc34086bed0,error,0,Performing an update on the path '_id' would modify the immutable field '_id'
jmn/novjuqc9u2mo0dxialq0,posters,68414779e32babc34086bed3,error,0,Performing an update on the path '_id' would modify the immutable field '_id'
jmn/novjuqc9u2mo0dxialq0,posters,68414784e32babc34086bed6,error,0,Performing an update on the path '_id' would modify the immutable field '_id'
jmn/novjuqc9u2mo0dxialq0,posters,686a938a5281195ea6a04677,error,0,Performing an update on the path '_id' would modify the immutable field '_id'
jmn/novjuqc9u2mo0dxialq0,posters,686a93b45281195ea6a0467a,error,0,Performing an update on the path '_id' would modify the immutable field '_id'
jmn/novjuqc9u2mo0dxialq0,posters,686a93df5281195ea6a0467d,error,0,Performing an update on the path '_id' would modify the immutable field '_id'
jmn/novjuqc9u2mo0dxialq0,posters,686a94105281195ea6a04680,error,0,Performing an update on the path '_id' would modify the immutable field '_id'
jmn/novjuqc9u2mo0dxialq0,posters,686a94245281195ea6a04683,error,0,Performing an update on the path '_id' would modify the immutable field '_id'
jmn/novjuqc9u2mo0dxialq0,posters,686a94555281195ea6a04686,error,0,Performing an update on the path '_id' would modify the immutable field '_id'
jmn/novjuqc9u2mo0dxialq0,posters,6874853478677bd0ee4fdf76,error,0,Performing an update on the path '_id' would modify the immutable field '_id'
jmn/novjuqc9u2mo0dxialq0,posters,6877d4e837711e2276414d9d,error,0,Performing an update on the path '_id' would modify the immutable field '_id'
jmn/novjuqc9u2mo0dxialq0,posters,688318e84d9e4428c102deb5,error,0,Performing an update on the path '_id' would modify the immutable field '_id'
jmn/novjuqc9u2mo0dxialq0,posters,6883193f4d9e4428c102deb8,error,0,Performing an update on the path '_id' would modify the immutable field '_id'
jmn/novjuqc9u2mo0dxialq0,posters,688319724d9e4428c102debb,error,0,Performing an update on the path '_id' would modify the immutable field '_id'
jmn/novjuqc9u2mo0dxialq0,posters,68972e1a09a70e298cb1c6fc,error,0,Performing an update on the path '_id' would modify the immutable field '_id'
jmn/novjuqc9u2mo0dxialq0,posters,68972e3509a70e298cb1c6ff,error,0,Performing an update on the path '_id' would modify the immutable field '_id'
jmn/novjuqc9u2mo0dxialq0,posters,692d3acf5e7a1ec58ac5f95f,false,0,not_changed_after_scan
jmn/zv4trdqnxiog8rj9rsmt,posters,67f36e25ebd0d43321bb7854,error,0,Performing an update on the path '_id' would modify the immutable field '_id'
jmn/zv4trdqnxiog8rj9rsmt,posters,67f36e76ebd0d43321bb7858,error,0,Performing an update on the path '_id' would modify the immutable field '_id'
jmn/zv4trdqnxiog8rj9rsmt,posters,67f37030ebd0d43321bb7862,error,0,Performing an update on the path '_id' would modify the immutable field '_id'
jmn/zv4trdqnxiog8rj9rsmt,posters,67f3705eebd0d43321bb786c,error,0,Performing an update on the path '_id' would modify the immutable field '_id'
jmn/zv4trdqnxiog8rj9rsmt,posters,67f3706aebd0d43321bb786f,error,0,Performing an update on the path '_id' would modify the immutable field '_id'
jmn/zv4trdqnxiog8rj9rsmt,posters,67f37082ebd0d43321bb7872,error,0,Performing an update on the path '_id' would modify the immutable field '_id'
jmn/zv4trdqnxiog8rj9rsmt,posters,67f37606df2842741e15fb2c,error,0,Performing an update on the path '_id' would modify the immutable field '_id'
jmn/zv4trdqnxiog8rj9rsmt,posters,67f37684ebd0d43321bb7882,error,0,Performing an update on the path '_id' would modify the immutable field '_id'
jmn/zv4trdqnxiog8rj9rsmt,posters,67f376abdf2842741e15fb34,error,0,Performing an update on the path '_id' would modify the immutable field '_id'
jmn/zv4trdqnxiog8rj9rsmt,posters,67f376bfdf2842741e15fb37,error,0,Performing an update on the path '_id' would modify the immutable field '_id'
jmn/zv4trdqnxiog8rj9rsmt,posters,67f376ccdf2842741e15fb3a,error,0,Performing an update on the path '_id' would modify the immutable field '_id'
jmn/zv4trdqnxiog8rj9rsmt,posters,67f376d7df2842741e15fb3d,error,0,Performing an update on the path '_id' would modify the immutable field '_id'
jmn/zv4trdqnxiog8rj9rsmt,posters,67f376e4df2842741e15fb40,error,0,Performing an update on the path '_id' would modify the immutable field '_id'
jmn/zv4trdqnxiog8rj9rsmt,posters,67f376f1df2842741e15fb43,error,0,Performing an update on the path '_id' would modify the immutable field '_id'
jmn/zv4trdqnxiog8rj9rsmt,posters,67f376fddf2842741e15fb46,error,0,Performing an update on the path '_id' would modify the immutable field '_id'
jmn/zv4trdqnxiog8rj9rsmt,posters,67f3770bdf2842741e15fb49,error,0,Performing an update on the path '_id' would modify the immutable field '_id'
jmn/zv4trdqnxiog8rj9rsmt,posters,67f37717df2842741e15fb4c,error,0,Performing an update on the path '_id' would modify the immutable field '_id'
jmn/zv4trdqnxiog8rj9rsmt,posters,67f37722df2842741e15fb4f,error,0,Performing an update on the path '_id' would modify the immutable field '_id'
jmn/zv4trdqnxiog8rj9rsmt,posters,67f377efdf2842741e15fb57,error,0,Performing an update on the path '_id' would modify the immutable field '_id'
jmn/zv4trdqnxiog8rj9rsmt,posters,68148f4e981ccc0580c6d969,error,0,Performing an update on the path '_id' would modify the immutable field '_id'
jmn/zv4trdqnxiog8rj9rsmt,posters,68148f92981ccc0580c6d96c,error,0,Performing an update on the path '_id' would modify the immutable field '_id'
jmn/zv4trdqnxiog8rj9rsmt,posters,6822f5292530763fdd6d525b,error,0,Performing an update on the path '_id' would modify the immutable field '_id'
jmn/zv4trdqnxiog8rj9rsmt,posters,68414770e32babc34086bed0,error,0,Performing an update on the path '_id' would modify the immutable field '_id'
jmn/zv4trdqnxiog8rj9rsmt,posters,68414779e32babc34086bed3,error,0,Performing an update on the path '_id' would modify the immutable field '_id'
jmn/zv4trdqnxiog8rj9rsmt,posters,68414784e32babc34086bed6,error,0,Performing an update on the path '_id' would modify the immutable field '_id'
jmn/zv4trdqnxiog8rj9rsmt,posters,686a938a5281195ea6a04677,error,0,Performing an update on the path '_id' would modify the immutable field '_id'
jmn/zv4trdqnxiog8rj9rsmt,posters,686a93b45281195ea6a0467a,error,0,Performing an update on the path '_id' would modify the immutable field '_id'
jmn/zv4trdqnxiog8rj9rsmt,posters,686a93df5281195ea6a0467d,error,0,Performing an update on the path '_id' would modify the immutable field '_id'
jmn/zv4trdqnxiog8rj9rsmt,posters,686a94105281195ea6a04680,error,0,Performing an update on the path '_id' would modify the immutable field '_id'
jmn/zv4trdqnxiog8rj9rsmt,posters,686a94245281195ea6a04683,error,0,Performing an update on the path '_id' would modify the immutable field '_id'
jmn/zv4trdqnxiog8rj9rsmt,posters,686a94555281195ea6a04686,error,0,Performing an update on the path '_id' would modify the immutable field '_id'
jmn/zv4trdqnxiog8rj9rsmt,posters,6874853478677bd0ee4fdf76,error,0,Performing an update on the path '_id' would modify the immutable field '_id'
jmn/zv4trdqnxiog8rj9rsmt,posters,6877d4e837711e2276414d9d,error,0,Performing an update on the path '_id' would modify the immutable field '_id'
jmn/zv4trdqnxiog8rj9rsmt,posters,688318e84d9e4428c102deb5,error,0,Performing an update on the path '_id' would modify the immutable field '_id'
jmn/zv4trdqnxiog8rj9rsmt,posters,6883193f4d9e4428c102deb8,error,0,Performing an update on the path '_id' would modify the immutable field '_id'
jmn/zv4trdqnxiog8rj9rsmt,posters,688319724d9e4428c102debb,error,0,Performing an update on the path '_id' would modify the immutable field '_id'
jmn/zv4trdqnxiog8rj9rsmt,posters,68972e1a09a70e298cb1c6fc,error,0,Performing an update on the path '_id' would modify the immutable field '_id'
jmn/zv4trdqnxiog8rj9rsmt,posters,68972e3509a70e298cb1c6ff,error,0,Performing an update on the path '_id' would modify the immutable field '_id'
jmn/xyiqrhq2qt4aisclmrdg,posters,67f36e25ebd0d43321bb7854,error,0,Performing an update on the path '_id' would modify the immutable field '_id'
jmn/xyiqrhq2qt4aisclmrdg,posters,67f36e76ebd0d43321bb7858,error,0,Performing an update on the path '_id' would modify the immutable field '_id'
jmn/xyiqrhq2qt4aisclmrdg,posters,67f37030ebd0d43321bb7862,error,0,Performing an update on the path '_id' would modify the immutable field '_id'
jmn/xyiqrhq2qt4aisclmrdg,posters,67f3705eebd0d43321bb786c,error,0,Performing an update on the path '_id' would modify the immutable field '_id'
jmn/xyiqrhq2qt4aisclmrdg,posters,67f3706aebd0d43321bb786f,error,0,Performing an update on the path '_id' would modify the immutable field '_id'
jmn/xyiqrhq2qt4aisclmrdg,posters,67f37082ebd0d43321bb7872,error,0,Performing an update on the path '_id' would modify the immutable field '_id'
jmn/xyiqrhq2qt4aisclmrdg,posters,67f37606df2842741e15fb2c,error,0,Performing an update on the path '_id' would modify the immutable field '_id'
jmn/xyiqrhq2qt4aisclmrdg,posters,67f37684ebd0d43321bb7882,error,0,Performing an update on the path '_id' would modify the immutable field '_id'
jmn/xyiqrhq2qt4aisclmrdg,posters,67f376abdf2842741e15fb34,error,0,Performing an update on the path '_id' would modify the immutable field '_id'
jmn/xyiqrhq2qt4aisclmrdg,posters,67f376bfdf2842741e15fb37,error,0,Performing an update on the path '_id' would modify the immutable field '_id'
jmn/xyiqrhq2qt4aisclmrdg,posters,67f376ccdf2842741e15fb3a,error,0,Performing an update on the path '_id' would modify the immutable field '_id'
jmn/xyiqrhq2qt4aisclmrdg,posters,67f376d7df2842741e15fb3d,error,0,Performing an update on the path '_id' would modify the immutable field '_id'
jmn/xyiqrhq2qt4aisclmrdg,posters,67f376e4df2842741e15fb40,error,0,Performing an update on the path '_id' would modify the immutable field '_id'
jmn/xyiqrhq2qt4aisclmrdg,posters,67f376f1df2842741e15fb43,error,0,Performing an update on the path '_id' would modify the immutable field '_id'
jmn/xyiqrhq2qt4aisclmrdg,posters,67f376fddf2842741e15fb46,error,0,Performing an update on the path '_id' would modify the immutable field '_id'
jmn/xyiqrhq2qt4aisclmrdg,posters,67f3770bdf2842741e15fb49,error,0,Performing an update on the path '_id' would modify the immutable field '_id'
jmn/xyiqrhq2qt4aisclmrdg,posters,67f37717df2842741e15fb4c,error,0,Performing an update on the path '_id' would modify the immutable field '_id'
jmn/xyiqrhq2qt4aisclmrdg,posters,67f37722df2842741e15fb4f,error,0,Performing an update on the path '_id' would modify the immutable field '_id'
jmn/xyiqrhq2qt4aisclmrdg,posters,67f377efdf2842741e15fb57,error,0,Performing an update on the path '_id' would modify the immutable field '_id'
jmn/xyiqrhq2qt4aisclmrdg,posters,68148f4e981ccc0580c6d969,error,0,Performing an update on the path '_id' would modify the immutable field '_id'
jmn/xyiqrhq2qt4aisclmrdg,posters,68148f92981ccc0580c6d96c,error,0,Performing an update on the path '_id' would modify the immutable field '_id'
jmn/xyiqrhq2qt4aisclmrdg,posters,6822f5292530763fdd6d525b,error,0,Performing an update on the path '_id' would modify the immutable field '_id'
jmn/xyiqrhq2qt4aisclmrdg,posters,68414770e32babc34086bed0,error,0,Performing an update on the path '_id' would modify the immutable field '_id'
jmn/xyiqrhq2qt4aisclmrdg,posters,68414779e32babc34086bed3,error,0,Performing an update on the path '_id' would modify the immutable field '_id'
jmn/xyiqrhq2qt4aisclmrdg,posters,68414784e32babc34086bed6,error,0,Performing an update on the path '_id' would modify the immutable field '_id'
jmn/xyiqrhq2qt4aisclmrdg,posters,686a938a5281195ea6a04677,error,0,Performing an update on the path '_id' would modify the immutable field '_id'
jmn/xyiqrhq2qt4aisclmrdg,posters,686a93b45281195ea6a0467a,error,0,Performing an update on the path '_id' would modify the immutable field '_id'
jmn/xyiqrhq2qt4aisclmrdg,posters,686a93df5281195ea6a0467d,error,0,Performing an update on the path '_id' would modify the immutable field '_id'
jmn/xyiqrhq2qt4aisclmrdg,posters,686a94105281195ea6a04680,error,0,Performing an update on the path '_id' would modify the immutable field '_id'
jmn/xyiqrhq2qt4aisclmrdg,posters,686a94245281195ea6a04683,error,0,Performing an update on the path '_id' would modify the immutable field '_id'
jmn/xyiqrhq2qt4aisclmrdg,posters,686a94555281195ea6a04686,error,0,Performing an update on the path '_id' would modify the immutable field '_id'
jmn/xyiqrhq2qt4aisclmrdg,posters,6874853478677bd0ee4fdf76,error,0,Performing an update on the path '_id' would modify the immutable field '_id'
jmn/xyiqrhq2qt4aisclmrdg,posters,6877d4e837711e2276414d9d,error,0,Performing an update on the path '_id' would modify the immutable field '_id'
jmn/xyiqrhq2qt4aisclmrdg,posters,688318e84d9e4428c102deb5,error,0,Performing an update on the path '_id' would modify the immutable field '_id'
jmn/xyiqrhq2qt4aisclmrdg,posters,6883193f4d9e4428c102deb8,error,0,Performing an update on the path '_id' would modify the immutable field '_id'
jmn/xyiqrhq2qt4aisclmrdg,posters,688319724d9e4428c102debb,error,0,Performing an update on the path '_id' would modify the immutable field '_id'
jmn/xyiqrhq2qt4aisclmrdg,posters,68972e1a09a70e298cb1c6fc,error,0,Performing an update on the path '_id' would modify the immutable field '_id'
jmn/xyiqrhq2qt4aisclmrdg,posters,68972e3509a70e298cb1c6ff,error,0,Performing an update on the path '_id' would modify the immutable field '_id'
jmn/jwsddsfas5owabdshwbp,posters,67f36e25ebd0d43321bb7854,error,0,Performing an update on the path '_id' would modify the immutable field '_id'
jmn/jwsddsfas5owabdshwbp,posters,67f36e76ebd0d43321bb7858,error,0,Performing an update on the path '_id' would modify the immutable field '_id'
jmn/jwsddsfas5owabdshwbp,posters,67f37030ebd0d43321bb7862,error,0,Performing an update on the path '_id' would modify the immutable field '_id'
jmn/jwsddsfas5owabdshwbp,posters,67f3705eebd0d43321bb786c,error,0,Performing an update on the path '_id' would modify the immutable field '_id'
jmn/jwsddsfas5owabdshwbp,posters,67f3706aebd0d43321bb786f,error,0,Performing an update on the path '_id' would modify the immutable field '_id'
jmn/jwsddsfas5owabdshwbp,posters,67f37082ebd0d43321bb7872,error,0,Performing an update on the path '_id' would modify the immutable field '_id'
jmn/jwsddsfas5owabdshwbp,posters,67f37606df2842741e15fb2c,error,0,Performing an update on the path '_id' would modify the immutable field '_id'
jmn/jwsddsfas5owabdshwbp,posters,67f37684ebd0d43321bb7882,error,0,Performing an update on the path '_id' would modify the immutable field '_id'
jmn/jwsddsfas5owabdshwbp,posters,67f376abdf2842741e15fb34,error,0,Performing an update on the path '_id' would modify the immutable field '_id'
jmn/jwsddsfas5owabdshwbp,posters,67f376bfdf2842741e15fb37,error,0,Performing an update on the path '_id' would modify the immutable field '_id'
jmn/jwsddsfas5owabdshwbp,posters,67f376ccdf2842741e15fb3a,error,0,Performing an update on the path '_id' would modify the immutable field '_id'
jmn/jwsddsfas5owabdshwbp,posters,67f376d7df2842741e15fb3d,error,0,Performing an update on the path '_id' would modify the immutable field '_id'
jmn/jwsddsfas5owabdshwbp,posters,67f376e4df2842741e15fb40,error,0,Performing an update on the path '_id' would modify the immutable field '_id'
jmn/jwsddsfas5owabdshwbp,posters,67f376f1df2842741e15fb43,error,0,Performing an update on the path '_id' would modify the immutable field '_id'
jmn/jwsddsfas5owabdshwbp,posters,67f376fddf2842741e15fb46,error,0,Performing an update on the path '_id' would modify the immutable field '_id'
jmn/jwsddsfas5owabdshwbp,posters,67f3770bdf2842741e15fb49,error,0,Performing an update on the path '_id' would modify the immutable field '_id'
jmn/jwsddsfas5owabdshwbp,posters,67f37717df2842741e15fb4c,error,0,Performing an update on the path '_id' would modify the immutable field '_id'
jmn/jwsddsfas5owabdshwbp,posters,67f37722df2842741e15fb4f,error,0,Performing an update on the path '_id' would modify the immutable field '_id'
jmn/jwsddsfas5owabdshwbp,posters,67f377efdf2842741e15fb57,error,0,Performing an update on the path '_id' would modify the immutable field '_id'
jmn/jwsddsfas5owabdshwbp,posters,68148f4e981ccc0580c6d969,error,0,Performing an update on the path '_id' would modify the immutable field '_id'
jmn/jwsddsfas5owabdshwbp,posters,68148f92981ccc0580c6d96c,error,0,Performing an update on the path '_id' would modify the immutable field '_id'
jmn/jwsddsfas5owabdshwbp,posters,6822f5292530763fdd6d525b,error,0,Performing an update on the path '_id' would modify the immutable field '_id'
jmn/jwsddsfas5owabdshwbp,posters,68414770e32babc34086bed0,error,0,Performing an update on the path '_id' would modify the immutable field '_id'
jmn/jwsddsfas5owabdshwbp,posters,68414779e32babc34086bed3,error,0,Performing an update on the path '_id' would modify the immutable field '_id'
jmn/jwsddsfas5owabdshwbp,posters,68414784e32babc34086bed6,error,0,Performing an update on the path '_id' would modify the immutable field '_id'
jmn/jwsddsfas5owabdshwbp,posters,686a938a5281195ea6a04677,error,0,Performing an update on the path '_id' would modify the immutable field '_id'
jmn/jwsddsfas5owabdshwbp,posters,686a93b45281195ea6a0467a,error,0,Performing an update on the path '_id' would modify the immutable field '_id'
jmn/jwsddsfas5owabdshwbp,posters,686a93df5281195ea6a0467d,error,0,Performing an update on the path '_id' would modify the immutable field '_id'
jmn/jwsddsfas5owabdshwbp,posters,686a94105281195ea6a04680,error,0,Performing an update on the path '_id' would modify the immutable field '_id'
jmn/jwsddsfas5owabdshwbp,posters,686a94245281195ea6a04683,error,0,Performing an update on the path '_id' would modify the immutable field '_id'
jmn/jwsddsfas5owabdshwbp,posters,686a94555281195ea6a04686,error,0,Performing an update on the path '_id' would modify the immutable field '_id'
jmn/jwsddsfas5owabdshwbp,posters,6874853478677bd0ee4fdf76,error,0,Performing an update on the path '_id' would modify the immutable field '_id'
jmn/jwsddsfas5owabdshwbp,posters,6877d4e837711e2276414d9d,error,0,Performing an update on the path '_id' would modify the immutable field '_id'
jmn/jwsddsfas5owabdshwbp,posters,688318e84d9e4428c102deb5,error,0,Performing an update on the path '_id' would modify the immutable field '_id'
jmn/jwsddsfas5owabdshwbp,posters,6883193f4d9e4428c102deb8,error,0,Performing an update on the path '_id' would modify the immutable field '_id'
jmn/jwsddsfas5owabdshwbp,posters,688319724d9e4428c102debb,error,0,Performing an update on the path '_id' would modify the immutable field '_id'
jmn/jwsddsfas5owabdshwbp,posters,68972e1a09a70e298cb1c6fc,error,0,Performing an update on the path '_id' would modify the immutable field '_id'
jmn/jwsddsfas5owabdshwbp,posters,68972e3509a70e298cb1c6ff,error,0,Performing an update on the path '_id' would modify the immutable field '_id'
jmn/ooflrooer9ytkj7c6xtw,posters,67f36e25ebd0d43321bb7854,error,0,Performing an update on the path '_id' would modify the immutable field '_id'
jmn/ooflrooer9ytkj7c6xtw,posters,67f36e76ebd0d43321bb7858,error,0,Performing an update on the path '_id' would modify the immutable field '_id'
jmn/ooflrooer9ytkj7c6xtw,posters,67f37030ebd0d43321bb7862,error,0,Performing an update on the path '_id' would modify the immutable field '_id'
jmn/ooflrooer9ytkj7c6xtw,posters,67f3705eebd0d43321bb786c,error,0,Performing an update on the path '_id' would modify the immutable field '_id'
jmn/ooflrooer9ytkj7c6xtw,posters,67f3706aebd0d43321bb786f,error,0,Performing an update on the path '_id' would modify the immutable field '_id'
jmn/ooflrooer9ytkj7c6xtw,posters,67f37082ebd0d43321bb7872,error,0,Performing an update on the path '_id' would modify the immutable field '_id'
jmn/ooflrooer9ytkj7c6xtw,posters,67f37606df2842741e15fb2c,error,0,Performing an update on the path '_id' would modify the immutable field '_id'
jmn/ooflrooer9ytkj7c6xtw,posters,67f37684ebd0d43321bb7882,error,0,Performing an update on the path '_id' would modify the immutable field '_id'
jmn/ooflrooer9ytkj7c6xtw,posters,67f376abdf2842741e15fb34,error,0,Performing an update on the path '_id' would modify the immutable field '_id'
jmn/ooflrooer9ytkj7c6xtw,posters,67f376bfdf2842741e15fb37,error,0,Performing an update on the path '_id' would modify the immutable field '_id'
jmn/ooflrooer9ytkj7c6xtw,posters,67f376ccdf2842741e15fb3a,error,0,Performing an update on the path '_id' would modify the immutable field '_id'
jmn/ooflrooer9ytkj7c6xtw,posters,67f376d7df2842741e15fb3d,error,0,Performing an update on the path '_id' would modify the immutable field '_id'
jmn/ooflrooer9ytkj7c6xtw,posters,67f376e4df2842741e15fb40,error,0,Performing an update on the path '_id' would modify the immutable field '_id'
jmn/ooflrooer9ytkj7c6xtw,posters,67f376f1df2842741e15fb43,error,0,Performing an update on the path '_id' would modify the immutable field '_id'
jmn/ooflrooer9ytkj7c6xtw,posters,67f376fddf2842741e15fb46,error,0,Performing an update on the path '_id' would modify the immutable field '_id'
jmn/ooflrooer9ytkj7c6xtw,posters,67f3770bdf2842741e15fb49,error,0,Performing an update on the path '_id' would modify the immutable field '_id'
jmn/ooflrooer9ytkj7c6xtw,posters,67f37717df2842741e15fb4c,error,0,Performing an update on the path '_id' would modify the immutable field '_id'
jmn/ooflrooer9ytkj7c6xtw,posters,67f37722df2842741e15fb4f,error,0,Performing an update on the path '_id' would modify the immutable field '_id'
jmn/ooflrooer9ytkj7c6xtw,posters,67f377efdf2842741e15fb57,error,0,Performing an update on the path '_id' would modify the immutable field '_id'
jmn/ooflrooer9ytkj7c6xtw,posters,68148f4e981ccc0580c6d969,error,0,Performing an update on the path '_id' would modify the immutable field '_id'
jmn/ooflrooer9ytkj7c6xtw,posters,68148f92981ccc0580c6d96c,error,0,Performing an update on the path '_id' would modify the immutable field '_id'
jmn/ooflrooer9ytkj7c6xtw,posters,6822f5292530763fdd6d525b,error,0,Performing an update on the path '_id' would modify the immutable field '_id'
jmn/ooflrooer9ytkj7c6xtw,posters,68414770e32babc34086bed0,error,0,Performing an update on the path '_id' would modify the immutable field '_id'
jmn/ooflrooer9ytkj7c6xtw,posters,68414779e32babc34086bed3,error,0,Performing an update on the path '_id' would modify the immutable field '_id'
jmn/ooflrooer9ytkj7c6xtw,posters,68414784e32babc34086bed6,error,0,Performing an update on the path '_id' would modify the immutable field '_id'
jmn/ooflrooer9ytkj7c6xtw,posters,686a938a5281195ea6a04677,error,0,Performing an update on the path '_id' would modify the immutable field '_id'
jmn/ooflrooer9ytkj7c6xtw,posters,686a93b45281195ea6a0467a,error,0,Performing an update on the path '_id' would modify the immutable field '_id'
jmn/ooflrooer9ytkj7c6xtw,posters,686a93df5281195ea6a0467d,error,0,Performing an update on the path '_id' would modify the immutable field '_id'
jmn/ooflrooer9ytkj7c6xtw,posters,686a94105281195ea6a04680,error,0,Performing an update on the path '_id' would modify the immutable field '_id'
jmn/ooflrooer9ytkj7c6xtw,posters,686a94245281195ea6a04683,error,0,Performing an update on the path '_id' would modify the immutable field '_id'
jmn/ooflrooer9ytkj7c6xtw,posters,686a94555281195ea6a04686,error,0,Performing an update on the path '_id' would modify the immutable field '_id'
jmn/ooflrooer9ytkj7c6xtw,posters,6874853478677bd0ee4fdf76,error,0,Performing an update on the path '_id' would modify the immutable field '_id'
jmn/ooflrooer9ytkj7c6xtw,posters,6877d4e837711e2276414d9d,error,0,Performing an update on the path '_id' would modify the immutable field '_id'
jmn/ooflrooer9ytkj7c6xtw,posters,688318e84d9e4428c102deb5,error,0,Performing an update on the path '_id' would modify the immutable field '_id'
jmn/ooflrooer9ytkj7c6xtw,posters,6883193f4d9e4428c102deb8,error,0,Performing an update on the path '_id' would modify the immutable field '_id'
jmn/ooflrooer9ytkj7c6xtw,posters,688319724d9e4428c102debb,error,0,Performing an update on the path '_id' would modify the immutable field '_id'
jmn/ooflrooer9ytkj7c6xtw,posters,68972e1a09a70e298cb1c6fc,error,0,Performing an update on the path '_id' would modify the immutable field '_id'
jmn/ooflrooer9ytkj7c6xtw,posters,68972e3509a70e298cb1c6ff,error,0,Performing an update on the path '_id' would modify the immutable field '_id'
jmn/hfydtjywcosgop9oex4y,posters,67f36e25ebd0d43321bb7854,error,0,Performing an update on the path '_id' would modify the immutable field '_id'
jmn/hfydtjywcosgop9oex4y,posters,67f36e76ebd0d43321bb7858,error,0,Performing an update on the path '_id' would modify the immutable field '_id'
jmn/hfydtjywcosgop9oex4y,posters,67f37030ebd0d43321bb7862,error,0,Performing an update on the path '_id' would modify the immutable field '_id'
jmn/hfydtjywcosgop9oex4y,posters,67f3705eebd0d43321bb786c,error,0,Performing an update on the path '_id' would modify the immutable field '_id'
jmn/hfydtjywcosgop9oex4y,posters,67f3706aebd0d43321bb786f,error,0,Performing an update on the path '_id' would modify the immutable field '_id'
jmn/hfydtjywcosgop9oex4y,posters,67f37082ebd0d43321bb7872,error,0,Performing an update on the path '_id' would modify the immutable field '_id'
jmn/hfydtjywcosgop9oex4y,posters,67f37606df2842741e15fb2c,error,0,Performing an update on the path '_id' would modify the immutable field '_id'
jmn/hfydtjywcosgop9oex4y,posters,67f37684ebd0d43321bb7882,error,0,Performing an update on the path '_id' would modify the immutable field '_id'
jmn/hfydtjywcosgop9oex4y,posters,67f376abdf2842741e15fb34,error,0,Performing an update on the path '_id' would modify the immutable field '_id'
jmn/hfydtjywcosgop9oex4y,posters,67f376bfdf2842741e15fb37,error,0,Performing an update on the path '_id' would modify the immutable field '_id'
jmn/hfydtjywcosgop9oex4y,posters,67f376ccdf2842741e15fb3a,error,0,Performing an update on the path '_id' would modify the immutable field '_id'
jmn/hfydtjywcosgop9oex4y,posters,67f376d7df2842741e15fb3d,error,0,Performing an update on the path '_id' would modify the immutable field '_id'
jmn/hfydtjywcosgop9oex4y,posters,67f376e4df2842741e15fb40,error,0,Performing an update on the path '_id' would modify the immutable field '_id'
jmn/hfydtjywcosgop9oex4y,posters,67f376f1df2842741e15fb43,error,0,Performing an update on the path '_id' would modify the immutable field '_id'
jmn/hfydtjywcosgop9oex4y,posters,67f376fddf2842741e15fb46,error,0,Performing an update on the path '_id' would modify the immutable field '_id'
jmn/hfydtjywcosgop9oex4y,posters,67f3770bdf2842741e15fb49,error,0,Performing an update on the path '_id' would modify the immutable field '_id'
jmn/hfydtjywcosgop9oex4y,posters,67f37717df2842741e15fb4c,error,0,Performing an update on the path '_id' would modify the immutable field '_id'
jmn/hfydtjywcosgop9oex4y,posters,67f37722df2842741e15fb4f,error,0,Performing an update on the path '_id' would modify the immutable field '_id'
jmn/hfydtjywcosgop9oex4y,posters,67f377efdf2842741e15fb57,error,0,Performing an update on the path '_id' would modify the immutable field '_id'
jmn/hfydtjywcosgop9oex4y,posters,68148f4e981ccc0580c6d969,error,0,Performing an update on the path '_id' would modify the immutable field '_id'
jmn/hfydtjywcosgop9oex4y,posters,68148f92981ccc0580c6d96c,error,0,Performing an update on the path '_id' would modify the immutable field '_id'
jmn/hfydtjywcosgop9oex4y,posters,6822f5292530763fdd6d525b,error,0,Performing an update on the path '_id' would modify the immutable field '_id'
jmn/hfydtjywcosgop9oex4y,posters,68414770e32babc34086bed0,error,0,Performing an update on the path '_id' would modify the immutable field '_id'
jmn/hfydtjywcosgop9oex4y,posters,68414779e32babc34086bed3,error,0,Performing an update on the path '_id' would modify the immutable field '_id'
jmn/hfydtjywcosgop9oex4y,posters,68414784e32babc34086bed6,error,0,Performing an update on the path '_id' would modify the immutable field '_id'
jmn/hfydtjywcosgop9oex4y,posters,686a938a5281195ea6a04677,error,0,Performing an update on the path '_id' would modify the immutable field '_id'
jmn/hfydtjywcosgop9oex4y,posters,686a93b45281195ea6a0467a,error,0,Performing an update on the path '_id' would modify the immutable field '_id'
jmn/hfydtjywcosgop9oex4y,posters,686a93df5281195ea6a0467d,error,0,Performing an update on the path '_id' would modify the immutable field '_id'
jmn/hfydtjywcosgop9oex4y,posters,686a94105281195ea6a04680,error,0,Performing an update on the path '_id' would modify the immutable field '_id'
jmn/hfydtjywcosgop9oex4y,posters,686a94245281195ea6a04683,error,0,Performing an update on the path '_id' would modify the immutable field '_id'
jmn/hfydtjywcosgop9oex4y,posters,686a94555281195ea6a04686,error,0,Performing an update on the path '_id' would modify the immutable field '_id'
jmn/hfydtjywcosgop9oex4y,posters,6874853478677bd0ee4fdf76,error,0,Performing an update on the path '_id' would modify the immutable field '_id'
jmn/hfydtjywcosgop9oex4y,posters,6877d4e837711e2276414d9d,error,0,Performing an update on the path '_id' would modify the immutable field '_id'
jmn/hfydtjywcosgop9oex4y,posters,688318e84d9e4428c102deb5,error,0,Performing an update on the path '_id' would modify the immutable field '_id'
jmn/hfydtjywcosgop9oex4y,posters,6883193f4d9e4428c102deb8,error,0,Performing an update on the path '_id' would modify the immutable field '_id'
jmn/hfydtjywcosgop9oex4y,posters,688319724d9e4428c102debb,error,0,Performing an update on the path '_id' would modify the immutable field '_id'
jmn/hfydtjywcosgop9oex4y,posters,68972e1a09a70e298cb1c6fc,error,0,Performing an update on the path '_id' would modify the immutable field '_id'
jmn/hfydtjywcosgop9oex4y,posters,68972e3509a70e298cb1c6ff,error,0,Performing an update on the path '_id' would modify the immutable field '_id'
jmn/modopflxbhtgldyqpfax,posters,67f36e25ebd0d43321bb7854,error,0,Performing an update on the path '_id' would modify the immutable field '_id'
jmn/modopflxbhtgldyqpfax,posters,67f36e76ebd0d43321bb7858,error,0,Performing an update on the path '_id' would modify the immutable field '_id'
jmn/modopflxbhtgldyqpfax,posters,67f37030ebd0d43321bb7862,error,0,Performing an update on the path '_id' would modify the immutable field '_id'
jmn/modopflxbhtgldyqpfax,posters,67f3705eebd0d43321bb786c,error,0,Performing an update on the path '_id' would modify the immutable field '_id'
jmn/modopflxbhtgldyqpfax,posters,67f3706aebd0d43321bb786f,error,0,Performing an update on the path '_id' would modify the immutable field '_id'
jmn/modopflxbhtgldyqpfax,posters,67f37082ebd0d43321bb7872,error,0,Performing an update on the path '_id' would modify the immutable field '_id'
jmn/modopflxbhtgldyqpfax,posters,67f37606df2842741e15fb2c,error,0,Performing an update on the path '_id' would modify the immutable field '_id'
jmn/modopflxbhtgldyqpfax,posters,67f37684ebd0d43321bb7882,error,0,Performing an update on the path '_id' would modify the immutable field '_id'
jmn/modopflxbhtgldyqpfax,posters,67f376abdf2842741e15fb34,error,0,Performing an update on the path '_id' would modify the immutable field '_id'
jmn/modopflxbhtgldyqpfax,posters,67f376bfdf2842741e15fb37,error,0,Performing an update on the path '_id' would modify the immutable field '_id'
jmn/modopflxbhtgldyqpfax,posters,67f376ccdf2842741e15fb3a,error,0,Performing an update on the path '_id' would modify the immutable field '_id'
jmn/modopflxbhtgldyqpfax,posters,67f376d7df2842741e15fb3d,error,0,Performing an update on the path '_id' would modify the immutable field '_id'
jmn/modopflxbhtgldyqpfax,posters,67f376e4df2842741e15fb40,error,0,Performing an update on the path '_id' would modify the immutable field '_id'
jmn/modopflxbhtgldyqpfax,posters,67f376f1df2842741e15fb43,error,0,Performing an update on the path '_id' would modify the immutable field '_id'
jmn/modopflxbhtgldyqpfax,posters,67f376fddf2842741e15fb46,error,0,Performing an update on the path '_id' would modify the immutable field '_id'
jmn/modopflxbhtgldyqpfax,posters,67f3770bdf2842741e15fb49,error,0,Performing an update on the path '_id' would modify the immutable field '_id'
jmn/modopflxbhtgldyqpfax,posters,67f37717df2842741e15fb4c,error,0,Performing an update on the path '_id' would modify the immutable field '_id'
jmn/modopflxbhtgldyqpfax,posters,67f37722df2842741e15fb4f,error,0,Performing an update on the path '_id' would modify the immutable field '_id'
jmn/modopflxbhtgldyqpfax,posters,67f377efdf2842741e15fb57,error,0,Performing an update on the path '_id' would modify the immutable field '_id'
jmn/modopflxbhtgldyqpfax,posters,68148f4e981ccc0580c6d969,error,0,Performing an update on the path '_id' would modify the immutable field '_id'
jmn/modopflxbhtgldyqpfax,posters,68148f92981ccc0580c6d96c,error,0,Performing an update on the path '_id' would modify the immutable field '_id'
jmn/modopflxbhtgldyqpfax,posters,6822f5292530763fdd6d525b,error,0,Performing an update on the path '_id' would modify the immutable field '_id'
jmn/modopflxbhtgldyqpfax,posters,68414770e32babc34086bed0,error,0,Performing an update on the path '_id' would modify the immutable field '_id'
jmn/modopflxbhtgldyqpfax,posters,68414779e32babc34086bed3,error,0,Performing an update on the path '_id' would modify the immutable field '_id'
jmn/modopflxbhtgldyqpfax,posters,68414784e32babc34086bed6,error,0,Performing an update on the path '_id' would modify the immutable field '_id'
jmn/modopflxbhtgldyqpfax,posters,686a938a5281195ea6a04677,error,0,Performing an update on the path '_id' would modify the immutable field '_id'
jmn/modopflxbhtgldyqpfax,posters,686a93b45281195ea6a0467a,error,0,Performing an update on the path '_id' would modify the immutable field '_id'
jmn/modopflxbhtgldyqpfax,posters,686a93df5281195ea6a0467d,error,0,Performing an update on the path '_id' would modify the immutable field '_id'
jmn/modopflxbhtgldyqpfax,posters,686a94105281195ea6a04680,error,0,Performing an update on the path '_id' would modify the immutable field '_id'
jmn/modopflxbhtgldyqpfax,posters,686a94245281195ea6a04683,error,0,Performing an update on the path '_id' would modify the immutable field '_id'
jmn/modopflxbhtgldyqpfax,posters,686a94555281195ea6a04686,error,0,Performing an update on the path '_id' would modify the immutable field '_id'
jmn/modopflxbhtgldyqpfax,posters,6874853478677bd0ee4fdf76,error,0,Performing an update on the path '_id' would modify the immutable field '_id'
jmn/modopflxbhtgldyqpfax,posters,6877d4e837711e2276414d9d,error,0,Performing an update on the path '_id' would modify the immutable field '_id'
jmn/modopflxbhtgldyqpfax,posters,688318e84d9e4428c102deb5,error,0,Performing an update on the path '_id' would modify the immutable field '_id'
jmn/modopflxbhtgldyqpfax,posters,6883193f4d9e4428c102deb8,error,0,Performing an update on the path '_id' would modify the immutable field '_id'
jmn/modopflxbhtgldyqpfax,posters,688319724d9e4428c102debb,error,0,Performing an update on the path '_id' would modify the immutable field '_id'
jmn/modopflxbhtgldyqpfax,posters,68972e1a09a70e298cb1c6fc,error,0,Performing an update on the path '_id' would modify the immutable field '_id'
jmn/modopflxbhtgldyqpfax,posters,68972e3509a70e298cb1c6ff,error,0,Performing an update on the path '_id' would modify the immutable field '_id'
jmn/lgu00owals5kjg3axhql,posters,67f36e25ebd0d43321bb7854,error,0,Performing an update on the path '_id' would modify the immutable field '_id'
jmn/lgu00owals5kjg3axhql,posters,67f36e76ebd0d43321bb7858,error,0,Performing an update on the path '_id' would modify the immutable field '_id'
jmn/lgu00owals5kjg3axhql,posters,67f37030ebd0d43321bb7862,error,0,Performing an update on the path '_id' would modify the immutable field '_id'
jmn/lgu00owals5kjg3axhql,posters,67f3705eebd0d43321bb786c,error,0,Performing an update on the path '_id' would modify the immutable field '_id'
jmn/lgu00owals5kjg3axhql,posters,67f3706aebd0d43321bb786f,error,0,Performing an update on the path '_id' would modify the immutable field '_id'
jmn/lgu00owals5kjg3axhql,posters,67f37082ebd0d43321bb7872,error,0,Performing an update on the path '_id' would modify the immutable field '_id'
jmn/lgu00owals5kjg3axhql,posters,67f37606df2842741e15fb2c,error,0,Performing an update on the path '_id' would modify the immutable field '_id'
jmn/lgu00owals5kjg3axhql,posters,67f37684ebd0d43321bb7882,error,0,Performing an update on the path '_id' would modify the immutable field '_id'
jmn/lgu00owals5kjg3axhql,posters,67f376abdf2842741e15fb34,error,0,Performing an update on the path '_id' would modify the immutable field '_id'
jmn/lgu00owals5kjg3axhql,posters,67f376bfdf2842741e15fb37,error,0,Performing an update on the path '_id' would modify the immutable field '_id'
jmn/lgu00owals5kjg3axhql,posters,67f376ccdf2842741e15fb3a,error,0,Performing an update on the path '_id' would modify the immutable field '_id'
jmn/lgu00owals5kjg3axhql,posters,67f376d7df2842741e15fb3d,error,0,Performing an update on the path '_id' would modify the immutable field '_id'
jmn/lgu00owals5kjg3axhql,posters,67f376e4df2842741e15fb40,error,0,Performing an update on the path '_id' would modify the immutable field '_id'
jmn/lgu00owals5kjg3axhql,posters,67f376f1df2842741e15fb43,error,0,Performing an update on the path '_id' would modify the immutable field '_id'
jmn/lgu00owals5kjg3axhql,posters,67f376fddf2842741e15fb46,error,0,Performing an update on the path '_id' would modify the immutable field '_id'
jmn/lgu00owals5kjg3axhql,posters,67f3770bdf2842741e15fb49,error,0,Performing an update on the path '_id' would modify the immutable field '_id'
jmn/lgu00owals5kjg3axhql,posters,67f37717df2842741e15fb4c,error,0,Performing an update on the path '_id' would modify the immutable field '_id'
jmn/lgu00owals5kjg3axhql,posters,67f37722df2842741e15fb4f,error,0,Performing an update on the path '_id' would modify the immutable field '_id'
jmn/lgu00owals5kjg3axhql,posters,67f377efdf2842741e15fb57,error,0,Performing an update on the path '_id' would modify the immutable field '_id'
jmn/lgu00owals5kjg3axhql,posters,68148f4e981ccc0580c6d969,error,0,Performing an update on the path '_id' would modify the immutable field '_id'
jmn/lgu00owals5kjg3axhql,posters,68148f92981ccc0580c6d96c,error,0,Performing an update on the path '_id' would modify the immutable field '_id'
jmn/lgu00owals5kjg3axhql,posters,6822f5292530763fdd6d525b,error,0,Performing an update on the path '_id' would modify the immutable field '_id'
jmn/lgu00owals5kjg3axhql,posters,68414770e32babc34086bed0,error,0,Performing an update on the path '_id' would modify the immutable field '_id'
jmn/lgu00owals5kjg3axhql,posters,68414779e32babc34086bed3,error,0,Performing an update on the path '_id' would modify the immutable field '_id'
jmn/lgu00owals5kjg3axhql,posters,68414784e32babc34086bed6,error,0,Performing an update on the path '_id' would modify the immutable field '_id'
jmn/lgu00owals5kjg3axhql,posters,686a938a5281195ea6a04677,error,0,Performing an update on the path '_id' would modify the immutable field '_id'
jmn/lgu00owals5kjg3axhql,posters,686a93b45281195ea6a0467a,error,0,Performing an update on the path '_id' would modify the immutable field '_id'
jmn/lgu00owals5kjg3axhql,posters,686a93df5281195ea6a0467d,error,0,Performing an update on the path '_id' would modify the immutable field '_id'
jmn/lgu00owals5kjg3axhql,posters,686a94105281195ea6a04680,error,0,Performing an update on the path '_id' would modify the immutable field '_id'
jmn/lgu00owals5kjg3axhql,posters,686a94245281195ea6a04683,error,0,Performing an update on the path '_id' would modify the immutable field '_id'
jmn/lgu00owals5kjg3axhql,posters,686a94555281195ea6a04686,error,0,Performing an update on the path '_id' would modify the immutable field '_id'
jmn/lgu00owals5kjg3axhql,posters,6874853478677bd0ee4fdf76,error,0,Performing an update on the path '_id' would modify the immutable field '_id'
jmn/lgu00owals5kjg3axhql,posters,6877d4e837711e2276414d9d,error,0,Performing an update on the path '_id' would modify the immutable field '_id'
jmn/lgu00owals5kjg3axhql,posters,688318e84d9e4428c102deb5,error,0,Performing an update on the path '_id' would modify the immutable field '_id'
jmn/lgu00owals5kjg3axhql,posters,6883193f4d9e4428c102deb8,error,0,Performing an update on the path '_id' would modify the immutable field '_id'
jmn/lgu00owals5kjg3axhql,posters,688319724d9e4428c102debb,error,0,Performing an update on the path '_id' would modify the immutable field '_id'
jmn/lgu00owals5kjg3axhql,posters,68972e1a09a70e298cb1c6fc,error,0,Performing an update on the path '_id' would modify the immutable field '_id'
jmn/lgu00owals5kjg3axhql,posters,68972e3509a70e298cb1c6ff,error,0,Performing an update on the path '_id' would modify the immutable field '_id'
jmn/csnitsbqxwlgbcxigqw9,posters,67f36e25ebd0d43321bb7854,error,0,Performing an update on the path '_id' would modify the immutable field '_id'
jmn/csnitsbqxwlgbcxigqw9,posters,67f36e76ebd0d43321bb7858,error,0,Performing an update on the path '_id' would modify the immutable field '_id'
jmn/csnitsbqxwlgbcxigqw9,posters,67f37030ebd0d43321bb7862,error,0,Performing an update on the path '_id' would modify the immutable field '_id'
jmn/csnitsbqxwlgbcxigqw9,posters,67f3705eebd0d43321bb786c,error,0,Performing an update on the path '_id' would modify the immutable field '_id'
jmn/csnitsbqxwlgbcxigqw9,posters,67f3706aebd0d43321bb786f,error,0,Performing an update on the path '_id' would modify the immutable field '_id'
jmn/csnitsbqxwlgbcxigqw9,posters,67f37082ebd0d43321bb7872,error,0,Performing an update on the path '_id' would modify the immutable field '_id'
jmn/csnitsbqxwlgbcxigqw9,posters,67f37606df2842741e15fb2c,error,0,Performing an update on the path '_id' would modify the immutable field '_id'
jmn/csnitsbqxwlgbcxigqw9,posters,67f37684ebd0d43321bb7882,error,0,Performing an update on the path '_id' would modify the immutable field '_id'
jmn/csnitsbqxwlgbcxigqw9,posters,67f376abdf2842741e15fb34,error,0,Performing an update on the path '_id' would modify the immutable field '_id'
jmn/csnitsbqxwlgbcxigqw9,posters,67f376bfdf2842741e15fb37,error,0,Performing an update on the path '_id' would modify the immutable field '_id'
jmn/csnitsbqxwlgbcxigqw9,posters,67f376ccdf2842741e15fb3a,error,0,Performing an update on the path '_id' would modify the immutable field '_id'
jmn/csnitsbqxwlgbcxigqw9,posters,67f376d7df2842741e15fb3d,error,0,Performing an update on the path '_id' would modify the immutable field '_id'
jmn/csnitsbqxwlgbcxigqw9,posters,67f376e4df2842741e15fb40,error,0,Performing an update on the path '_id' would modify the immutable field '_id'
jmn/csnitsbqxwlgbcxigqw9,posters,67f376f1df2842741e15fb43,error,0,Performing an update on the path '_id' would modify the immutable field '_id'
jmn/csnitsbqxwlgbcxigqw9,posters,67f376fddf2842741e15fb46,error,0,Performing an update on the path '_id' would modify the immutable field '_id'
jmn/csnitsbqxwlgbcxigqw9,posters,67f3770bdf2842741e15fb49,error,0,Performing an update on the path '_id' would modify the immutable field '_id'
jmn/csnitsbqxwlgbcxigqw9,posters,67f37717df2842741e15fb4c,error,0,Performing an update on the path '_id' would modify the immutable field '_id'
jmn/csnitsbqxwlgbcxigqw9,posters,67f37722df2842741e15fb4f,error,0,Performing an update on the path '_id' would modify the immutable field '_id'
jmn/csnitsbqxwlgbcxigqw9,posters,67f377efdf2842741e15fb57,error,0,Performing an update on the path '_id' would modify the immutable field '_id'
jmn/csnitsbqxwlgbcxigqw9,posters,68148f4e981ccc0580c6d969,error,0,Performing an update on the path '_id' would modify the immutable field '_id'
jmn/csnitsbqxwlgbcxigqw9,posters,68148f92981ccc0580c6d96c,error,0,Performing an update on the path '_id' would modify the immutable field '_id'
jmn/csnitsbqxwlgbcxigqw9,posters,6822f5292530763fdd6d525b,error,0,Performing an update on the path '_id' would modify the immutable field '_id'
jmn/csnitsbqxwlgbcxigqw9,posters,68414770e32babc34086bed0,error,0,Performing an update on the path '_id' would modify the immutable field '_id'
jmn/csnitsbqxwlgbcxigqw9,posters,68414779e32babc34086bed3,error,0,Performing an update on the path '_id' would modify the immutable field '_id'
jmn/csnitsbqxwlgbcxigqw9,posters,68414784e32babc34086bed6,error,0,Performing an update on the path '_id' would modify the immutable field '_id'
jmn/csnitsbqxwlgbcxigqw9,posters,686a938a5281195ea6a04677,error,0,Performing an update on the path '_id' would modify the immutable field '_id'
jmn/csnitsbqxwlgbcxigqw9,posters,686a93b45281195ea6a0467a,error,0,Performing an update on the path '_id' would modify the immutable field '_id'
jmn/csnitsbqxwlgbcxigqw9,posters,686a93df5281195ea6a0467d,error,0,Performing an update on the path '_id' would modify the immutable field '_id'
jmn/csnitsbqxwlgbcxigqw9,posters,686a94105281195ea6a04680,error,0,Performing an update on the path '_id' would modify the immutable field '_id'
jmn/csnitsbqxwlgbcxigqw9,posters,686a94245281195ea6a04683,error,0,Performing an update on the path '_id' would modify the immutable field '_id'
jmn/csnitsbqxwlgbcxigqw9,posters,686a94555281195ea6a04686,error,0,Performing an update on the path '_id' would modify the immutable field '_id'
jmn/csnitsbqxwlgbcxigqw9,posters,6874853478677bd0ee4fdf76,error,0,Performing an update on the path '_id' would modify the immutable field '_id'
jmn/csnitsbqxwlgbcxigqw9,posters,6877d4e837711e2276414d9d,error,0,Performing an update on the path '_id' would modify the immutable field '_id'
jmn/csnitsbqxwlgbcxigqw9,posters,688318e84d9e4428c102deb5,error,0,Performing an update on the path '_id' would modify the immutable field '_id'
jmn/csnitsbqxwlgbcxigqw9,posters,6883193f4d9e4428c102deb8,error,0,Performing an update on the path '_id' would modify the immutable field '_id'
jmn/csnitsbqxwlgbcxigqw9,posters,688319724d9e4428c102debb,error,0,Performing an update on the path '_id' would modify the immutable field '_id'
jmn/csnitsbqxwlgbcxigqw9,posters,68972e1a09a70e298cb1c6fc,error,0,Performing an update on the path '_id' would modify the immutable field '_id'
jmn/csnitsbqxwlgbcxigqw9,posters,68972e3509a70e298cb1c6ff,error,0,Performing an update on the path '_id' would modify the immutable field '_id'
