public_id,old_url,new_url,collection,doc_id,field_before,field_after,updated
jmn/em1zzpuknexxtlhmwygy,"https://res.cloudinary.com/dc52qrj3q/image/upload/v1764573334/jmn/em1zzpuknexxtlhmwygy.jpg","https://res.cloudinary.com/delltphln/image/upload/v1764748644/jmn/jmn/em1zzpuknexxtlhmwygy.jpg",news,68398281cd2e20c6ef4e61c3,"","",no_update
jmn/ka7aoiq4jyobkkcztj6e,"https://res.cloudinary.com/dc52qrj3q/image/upload/v1764699848/jmn/ka7aoiq4jyobkkcztj6e.jpg","https://res.cloudinary.com/delltphln/image/upload/v1764748644/jmn/jmn/ka7aoiq4jyobkkcztj6e.jpg",news,67da6db2e8fb9e3cf4ee87b7,"","",no_update
jmn/ka7aoiq4jyobkkcztj6e,"https://res.cloudinary.com/dc52qrj3q/image/upload/v1764699848/jmn/ka7aoiq4jyobkkcztj6e.jpg","https://res.cloudinary.com/delltphln/image/upload/v1764748644/jmn/jmn/ka7aoiq4jyobkkcztj6e.jpg",news,67db03adc87849dbe5eb9d2a,"","",no_update
jmn/ka7aoiq4jyobkkcztj6e,"https://res.cloudinary.com/dc52qrj3q/image/upload/v1764699848/jmn/ka7aoiq4jyobkkcztj6e.jpg","https://res.cloudinary.com/delltphln/image/upload/v1764748644/jmn/jmn/ka7aoiq4jyobkkcztj6e.jpg",news,67db06b824812c23dcb61d49,"","",no_update
jmn/ka7aoiq4jyobkkcztj6e,"https://res.cloudinary.com/dc52qrj3q/image/upload/v1764699848/jmn/ka7aoiq4jyobkkcztj6e.jpg","https://res.cloudinary.com/delltphln/image/upload/v1764748644/jmn/jmn/ka7aoiq4jyobkkcztj6e.jpg",news,67db0c0451898200c5d1f782,"","",no_update
jmn/ka7aoiq4jyobkkcztj6e,"https://res.cloudinary.com/dc52qrj3q/image/upload/v1764699848/jmn/ka7aoiq4jyobkkcztj6e.jpg","https://res.cloudinary.com/delltphln/image/upload/v1764748644/jmn/jmn/ka7aoiq4jyobkkcztj6e.jpg",news,67dbf61f2565029e2762a031,"","",no_update
jmn/ka7aoiq4jyobkkcztj6e,"https://res.cloudinary.com/dc52qrj3q/image/upload/v1764699848/jmn/ka7aoiq4jyobkkcztj6e.jpg","https://res.cloudinary.com/delltphln/image/upload/v1764748644/jmn/jmn/ka7aoiq4jyobkkcztj6e.jpg",news,67dc02cb6ce68e9176a0d52e,"","",no_update
jmn/ka7aoiq4jyobkkcztj6e,"https://res.cloudinary.com/dc52qrj3q/image/upload/v1764699848/jmn/ka7aoiq4jyobkkcztj6e.jpg","https://res.cloudinary.com/delltphln/image/upload/v1764748644/jmn/jmn/ka7aoiq4jyobkkcztj6e.jpg",news,67e153b559286f0524fd9023,"","",no_update
jmn/ka7aoiq4jyobkkcztj6e,"https://res.cloudinary.com/dc52qrj3q/image/upload/v1764699848/jmn/ka7aoiq4jyobkkcztj6e.jpg","https://res.cloudinary.com/delltphln/image/upload/v1764748644/jmn/jmn/ka7aoiq4jyobkkcztj6e.jpg",news,67e69b88e45acbe29c709990,"","",no_update
jmn/ka7aoiq4jyobkkcztj6e,"https://res.cloudinary.com/dc52qrj3q/image/upload/v1764699848/jmn/ka7aoiq4jyobkkcztj6e.jpg","https://res.cloudinary.com/delltphln/image/upload/v1764748644/jmn/jmn/ka7aoiq4jyobkkcztj6e.jpg",news,67f36bcb08eda15c69141af0,"","",no_update
jmn/ka7aoiq4jyobkkcztj6e,"https://res.cloudinary.com/dc52qrj3q/image/upload/v1764699848/jmn/ka7aoiq4jyobkkcztj6e.jpg","https://res.cloudinary.com/delltphln/image/upload/v1764748644/jmn/jmn/ka7aoiq4jyobkkcztj6e.jpg",news,67f39b39d61a3170828690f4,"","",no_update
jmn/ka7aoiq4jyobkkcztj6e,"https://res.cloudinary.com/dc52qrj3q/image/upload/v1764699848/jmn/ka7aoiq4jyobkkcztj6e.jpg","https://res.cloudinary.com/delltphln/image/upload/v1764748644/jmn/jmn/ka7aoiq4jyobkkcztj6e.jpg",news,68148dd90c1bc122983ec99f,"","",no_update
jmn/ka7aoiq4jyobkkcztj6e,"https://res.cloudinary.com/dc52qrj3q/image/upload/v1764699848/jmn/ka7aoiq4jyobkkcztj6e.jpg","https://res.cloudinary.com/delltphln/image/upload/v1764748644/jmn/jmn/ka7aoiq4jyobkkcztj6e.jpg",news,6822f1fbbd4976a919b15697,"","",no_update
jmn/ka7aoiq4jyobkkcztj6e,"https://res.cloudinary.com/dc52qrj3q/image/upload/v1764699848/jmn/ka7aoiq4jyobkkcztj6e.jpg","https://res.cloudinary.com/delltphln/image/upload/v1764748644/jmn/jmn/ka7aoiq4jyobkkcztj6e.jpg",news,6829c73004ef3c2c79166781,"","",no_update
jmn/ka7aoiq4jyobkkcztj6e,"https://res.cloudinary.com/dc52qrj3q/image/upload/v1764699848/jmn/ka7aoiq4jyobkkcztj6e.jpg","https://res.cloudinary.com/delltphln/image/upload/v1764748644/jmn/jmn/ka7aoiq4jyobkkcztj6e.jpg",news,682c51dbf0df6e15a29cc282,"","",no_update
jmn/ka7aoiq4jyobkkcztj6e,"https://res.cloudinary.com/dc52qrj3q/image/upload/v1764699848/jmn/ka7aoiq4jyobkkcztj6e.jpg","https://res.cloudinary.com/delltphln/image/upload/v1764748644/jmn/jmn/ka7aoiq4jyobkkcztj6e.jpg",news,6832aecfae390105bb249949,"","",no_update
jmn/ka7aoiq4jyobkkcztj6e,"https://res.cloudinary.com/dc52qrj3q/image/upload/v1764699848/jmn/ka7aoiq4jyobkkcztj6e.jpg","https://res.cloudinary.com/delltphln/image/upload/v1764748644/jmn/jmn/ka7aoiq4jyobkkcztj6e.jpg",news,6835cf22623def46868d9fcb,"","",no_update
jmn/ka7aoiq4jyobkkcztj6e,"https://res.cloudinary.com/dc52qrj3q/image/upload/v1764699848/jmn/ka7aoiq4jyobkkcztj6e.jpg","https://res.cloudinary.com/delltphln/image/upload/v1764748644/jmn/jmn/ka7aoiq4jyobkkcztj6e.jpg",news,6839718a0edc9de12813ae89,"","",no_update
jmn/krpcjobortfy295bgaqh,"https://res.cloudinary.com/dc52qrj3q/image/upload/v1764573301/jmn/krpcjobortfy295bgaqh.jpg","https://res.cloudinary.com/delltphln/image/upload/v1764748644/jmn/jmn/krpcjobortfy295bgaqh.jpg",news,683a966a9777f72004c15515,"","",no_update
jmn/krpcjobortfy295bgaqh,"https://res.cloudinary.com/dc52qrj3q/image/upload/v1764573301/jmn/krpcjobortfy295bgaqh.jpg","https://res.cloudinary.com/delltphln/image/upload/v1764748644/jmn/jmn/krpcjobortfy295bgaqh.jpg",news,6841464986f752821f580522,"","",no_update
jmn/krpcjobortfy295bgaqh,"https://res.cloudinary.com/dc52qrj3q/image/upload/v1764573301/jmn/krpcjobortfy295bgaqh.jpg","https://res.cloudinary.com/delltphln/image/upload/v1764748644/jmn/jmn/krpcjobortfy295bgaqh.jpg",news,685c3296a519b77a2177dc80,"","",no_update
jmn/krpcjobortfy295bgaqh,"https://res.cloudinary.com/dc52qrj3q/image/upload/v1764573301/jmn/krpcjobortfy295bgaqh.jpg","https://res.cloudinary.com/delltphln/image/upload/v1764748644/jmn/jmn/krpcjobortfy295bgaqh.jpg",news,685d1d17f72e3d2e97228971,"","",no_update
jmn/krpcjobortfy295bgaqh,"https://res.cloudinary.com/dc52qrj3q/image/upload/v1764573301/jmn/krpcjobortfy295bgaqh.jpg","https://res.cloudinary.com/delltphln/image/upload/v1764748644/jmn/jmn/krpcjobortfy295bgaqh.jpg",news,685ec9de145fa90e087f840e,"","",no_update
jmn/krpcjobortfy295bgaqh,"https://res.cloudinary.com/dc52qrj3q/image/upload/v1764573301/jmn/krpcjobortfy295bgaqh.jpg","https://res.cloudinary.com/delltphln/image/upload/v1764748644/jmn/jmn/krpcjobortfy295bgaqh.jpg",news,686010005eefd460f9f6185b,"","",no_update
jmn/krpcjobortfy295bgaqh,"https://res.cloudinary.com/dc52qrj3q/image/upload/v1764573301/jmn/krpcjobortfy295bgaqh.jpg","https://res.cloudinary.com/delltphln/image/upload/v1764748644/jmn/jmn/krpcjobortfy295bgaqh.jpg",news,6862307f6a8185c57fea0e70,"","",no_update
jmn/krpcjobortfy295bgaqh,"https://res.cloudinary.com/dc52qrj3q/image/upload/v1764573301/jmn/krpcjobortfy295bgaqh.jpg","https://res.cloudinary.com/delltphln/image/upload/v1764748644/jmn/jmn/krpcjobortfy295bgaqh.jpg",news,6868b309f1956189c9669c43,"","",no_update
jmn/krpcjobortfy295bgaqh,"https://res.cloudinary.com/dc52qrj3q/image/upload/v1764573301/jmn/krpcjobortfy295bgaqh.jpg","https://res.cloudinary.com/delltphln/image/upload/v1764748644/jmn/jmn/krpcjobortfy295bgaqh.jpg",news,68690692609de5a948620363,"","",no_update
jmn/krpcjobortfy295bgaqh,"https://res.cloudinary.com/dc52qrj3q/image/upload/v1764573301/jmn/krpcjobortfy295bgaqh.jpg","https://res.cloudinary.com/delltphln/image/upload/v1764748644/jmn/jmn/krpcjobortfy295bgaqh.jpg",news,686a9155c6846e5ebfa29159,"","",no_update
jmn/krpcjobortfy295bgaqh,"https://res.cloudinary.com/dc52qrj3q/image/upload/v1764573301/jmn/krpcjobortfy295bgaqh.jpg","https://res.cloudinary.com/delltphln/image/upload/v1764748644/jmn/jmn/krpcjobortfy295bgaqh.jpg",news,6874b054e28fb6af2a6cca60,"","",no_update
jmn/krpcjobortfy295bgaqh,"https://res.cloudinary.com/dc52qrj3q/image/upload/v1764573301/jmn/krpcjobortfy295bgaqh.jpg","https://res.cloudinary.com/delltphln/image/upload/v1764748644/jmn/jmn/krpcjobortfy295bgaqh.jpg",news,6883118235acc06bf6107dcf,"","",no_update
jmn/krpcjobortfy295bgaqh,"https://res.cloudinary.com/dc52qrj3q/image/upload/v1764573301/jmn/krpcjobortfy295bgaqh.jpg","https://res.cloudinary.com/delltphln/image/upload/v1764748644/jmn/jmn/krpcjobortfy295bgaqh.jpg",news,689436d032fab86c3992d850,"","",no_update
jmn/krpcjobortfy295bgaqh,"https://res.cloudinary.com/dc52qrj3q/image/upload/v1764573301/jmn/krpcjobortfy295bgaqh.jpg","https://res.cloudinary.com/delltphln/image/upload/v1764748644/jmn/jmn/krpcjobortfy295bgaqh.jpg",news,68959074f14f261e31d0671c,"","",no_update
jmn/krpcjobortfy295bgaqh,"https://res.cloudinary.com/dc52qrj3q/image/upload/v1764573301/jmn/krpcjobortfy295bgaqh.jpg","https://res.cloudinary.com/delltphln/image/upload/v1764748644/jmn/jmn/krpcjobortfy295bgaqh.jpg",news,6898645417d3d73713013963,"","",no_update
jmn/krpcjobortfy295bgaqh,"https://res.cloudinary.com/dc52qrj3q/image/upload/v1764573301/jmn/krpcjobortfy295bgaqh.jpg","https://res.cloudinary.com/delltphln/image/upload/v1764748644/jmn/jmn/krpcjobortfy295bgaqh.jpg",news,6899a0ff68c84df8eef6b521,"","",no_update
jmn/krpcjobortfy295bgaqh,"https://res.cloudinary.com/dc52qrj3q/image/upload/v1764573301/jmn/krpcjobortfy295bgaqh.jpg","https://res.cloudinary.com/delltphln/image/upload/v1764748644/jmn/jmn/krpcjobortfy295bgaqh.jpg",news,689acf9ff94ea1942142810e,"","",no_update
jmn/krpcjobortfy295bgaqh,"https://res.cloudinary.com/dc52qrj3q/image/upload/v1764573301/jmn/krpcjobortfy295bgaqh.jpg","https://res.cloudinary.com/delltphln/image/upload/v1764748644/jmn/jmn/krpcjobortfy295bgaqh.jpg",news,689cb2c9345d6d9c64f6c69c,"","",no_update
jmn/krpcjobortfy295bgaqh,"https://res.cloudinary.com/dc52qrj3q/image/upload/v1764573301/jmn/krpcjobortfy295bgaqh.jpg","https://res.cloudinary.com/delltphln/image/upload/v1764748644/jmn/jmn/krpcjobortfy295bgaqh.jpg",news,68a06700289aad91ec6eda5a,"","",no_update
jmn/krpcjobortfy295bgaqh,"https://res.cloudinary.com/dc52qrj3q/image/upload/v1764573301/jmn/krpcjobortfy295bgaqh.jpg","https://res.cloudinary.com/delltphln/image/upload/v1764748644/jmn/jmn/krpcjobortfy295bgaqh.jpg",news,68a1f7292cb6f0c82b536d3e,"","",no_update
jmn/krpcjobortfy295bgaqh,"https://res.cloudinary.com/dc52qrj3q/image/upload/v1764573301/jmn/krpcjobortfy295bgaqh.jpg","https://res.cloudinary.com/delltphln/image/upload/v1764748644/jmn/jmn/krpcjobortfy295bgaqh.jpg",news,68a405f5fe5a860e9f08dd87,"","",no_update
jmn/krpcjobortfy295bgaqh,"https://res.cloudinary.com/dc52qrj3q/image/upload/v1764573301/jmn/krpcjobortfy295bgaqh.jpg","https://res.cloudinary.com/delltphln/image/upload/v1764748644/jmn/jmn/krpcjobortfy295bgaqh.jpg",news,68a7391ef430554059111f31,"","",no_update
jmn/krpcjobortfy295bgaqh,"https://res.cloudinary.com/dc52qrj3q/image/upload/v1764573301/jmn/krpcjobortfy295bgaqh.jpg","https://res.cloudinary.com/delltphln/image/upload/v1764748644/jmn/jmn/krpcjobortfy295bgaqh.jpg",news,68aaa67b1dc7d668e996eeca,"","",no_update
jmn/krpcjobortfy295bgaqh,"https://res.cloudinary.com/dc52qrj3q/image/upload/v1764573301/jmn/krpcjobortfy295bgaqh.jpg","https://res.cloudinary.com/delltphln/image/upload/v1764748644/jmn/jmn/krpcjobortfy295bgaqh.jpg",news,68b28a8ae12faf4283581cc8,"","",no_update
jmn/krpcjobortfy295bgaqh,"https://res.cloudinary.com/dc52qrj3q/image/upload/v1764573301/jmn/krpcjobortfy295bgaqh.jpg","https://res.cloudinary.com/delltphln/image/upload/v1764748644/jmn/jmn/krpcjobortfy295bgaqh.jpg",news,68b68645380d131a085ce7c4,"","",no_update
jmn/krpcjobortfy295bgaqh,"https://res.cloudinary.com/dc52qrj3q/image/upload/v1764573301/jmn/krpcjobortfy295bgaqh.jpg","https://res.cloudinary.com/delltphln/image/upload/v1764748644/jmn/jmn/krpcjobortfy295bgaqh.jpg",news,68b6866f380d131a085ce7c8,"","",no_update
jmn/krpcjobortfy295bgaqh,"https://res.cloudinary.com/dc52qrj3q/image/upload/v1764573301/jmn/krpcjobortfy295bgaqh.jpg","https://res.cloudinary.com/delltphln/image/upload/v1764748644/jmn/jmn/krpcjobortfy295bgaqh.jpg",news,68b81318813f25160751b15a,"","",no_update
jmn/krpcjobortfy295bgaqh,"https://res.cloudinary.com/dc52qrj3q/image/upload/v1764573301/jmn/krpcjobortfy295bgaqh.jpg","https://res.cloudinary.com/delltphln/image/upload/v1764748644/jmn/jmn/krpcjobortfy295bgaqh.jpg",news,68bfc01e52ec9adddc1751b1,"","",no_update
jmn/krpcjobortfy295bgaqh,"https://res.cloudinary.com/dc52qrj3q/image/upload/v1764573301/jmn/krpcjobortfy295bgaqh.jpg","https://res.cloudinary.com/delltphln/image/upload/v1764748644/jmn/jmn/krpcjobortfy295bgaqh.jpg",news,68d15a4701cb8f9c4e0f4738,"","",no_update
jmn/krpcjobortfy295bgaqh,"https://res.cloudinary.com/dc52qrj3q/image/upload/v1764573301/jmn/krpcjobortfy295bgaqh.jpg","https://res.cloudinary.com/delltphln/image/upload/v1764748644/jmn/jmn/krpcjobortfy295bgaqh.jpg",news,68d1679c5f959b965f1f58fb,"","",no_update
jmn/krpcjobortfy295bgaqh,"https://res.cloudinary.com/dc52qrj3q/image/upload/v1764573301/jmn/krpcjobortfy295bgaqh.jpg","https://res.cloudinary.com/delltphln/image/upload/v1764748644/jmn/jmn/krpcjobortfy295bgaqh.jpg",news,68d167bc5f959b965f1f58fe,"","",no_update
jmn/krpcjobortfy295bgaqh,"https://res.cloudinary.com/dc52qrj3q/image/upload/v1764573301/jmn/krpcjobortfy295bgaqh.jpg","https://res.cloudinary.com/delltphln/image/upload/v1764748644/jmn/jmn/krpcjobortfy295bgaqh.jpg",news,68d22bb4553ba0a073afb1ea,"","",no_update
jmn/krpcjobortfy295bgaqh,"https://res.cloudinary.com/dc52qrj3q/image/upload/v1764573301/jmn/krpcjobortfy295bgaqh.jpg","https://res.cloudinary.com/delltphln/image/upload/v1764748644/jmn/jmn/krpcjobortfy295bgaqh.jpg",news,68d23a5dd1174777ed9a584c,"","",no_update
jmn/krpcjobortfy295bgaqh,"https://res.cloudinary.com/dc52qrj3q/image/upload/v1764573301/jmn/krpcjobortfy295bgaqh.jpg","https://res.cloudinary.com/delltphln/image/upload/v1764748644/jmn/jmn/krpcjobortfy295bgaqh.jpg",news,68d2d775a2012e793fc97991,"","",no_update
jmn/krpcjobortfy295bgaqh,"https://res.cloudinary.com/dc52qrj3q/image/upload/v1764573301/jmn/krpcjobortfy295bgaqh.jpg","https://res.cloudinary.com/delltphln/image/upload/v1764748644/jmn/jmn/krpcjobortfy295bgaqh.jpg",news,68d3faa36bdcee54f8f746e9,"","",no_update
jmn/krpcjobortfy295bgaqh,"https://res.cloudinary.com/dc52qrj3q/image/upload/v1764573301/jmn/krpcjobortfy295bgaqh.jpg","https://res.cloudinary.com/delltphln/image/upload/v1764748644/jmn/jmn/krpcjobortfy295bgaqh.jpg",news,68d60ac444a425b38888dc3f,"","",no_update
jmn/krpcjobortfy295bgaqh,"https://res.cloudinary.com/dc52qrj3q/image/upload/v1764573301/jmn/krpcjobortfy295bgaqh.jpg","https://res.cloudinary.com/delltphln/image/upload/v1764748644/jmn/jmn/krpcjobortfy295bgaqh.jpg",news,68d65facb8206e4f046b31fb,"","",no_update
jmn/krpcjobortfy295bgaqh,"https://res.cloudinary.com/dc52qrj3q/image/upload/v1764573301/jmn/krpcjobortfy295bgaqh.jpg","https://res.cloudinary.com/delltphln/image/upload/v1764748644/jmn/jmn/krpcjobortfy295bgaqh.jpg",news,68d66c9df53bbdd670f9b446,"","",no_update
jmn/krpcjobortfy295bgaqh,"https://res.cloudinary.com/dc52qrj3q/image/upload/v1764573301/jmn/krpcjobortfy295bgaqh.jpg","https://res.cloudinary.com/delltphln/image/upload/v1764748644/jmn/jmn/krpcjobortfy295bgaqh.jpg",news,68dcd7c54bec3f12a8097c70,"","",no_update
jmn/krpcjobortfy295bgaqh,"https://res.cloudinary.com/dc52qrj3q/image/upload/v1764573301/jmn/krpcjobortfy295bgaqh.jpg","https://res.cloudinary.com/delltphln/image/upload/v1764748644/jmn/jmn/krpcjobortfy295bgaqh.jpg",news,68dd9741b20e189fb8ec22fe,"","",no_update
jmn/krpcjobortfy295bgaqh,"https://res.cloudinary.com/dc52qrj3q/image/upload/v1764573301/jmn/krpcjobortfy295bgaqh.jpg","https://res.cloudinary.com/delltphln/image/upload/v1764748644/jmn/jmn/krpcjobortfy295bgaqh.jpg",news,68df6d3310232c04436dbf3e,"","",no_update
jmn/krpcjobortfy295bgaqh,"https://res.cloudinary.com/dc52qrj3q/image/upload/v1764573301/jmn/krpcjobortfy295bgaqh.jpg","https://res.cloudinary.com/delltphln/image/upload/v1764748644/jmn/jmn/krpcjobortfy295bgaqh.jpg",news,68dfa233b94500413e06e8d4,"","",no_update
jmn/krpcjobortfy295bgaqh,"https://res.cloudinary.com/dc52qrj3q/image/upload/v1764573301/jmn/krpcjobortfy295bgaqh.jpg","https://res.cloudinary.com/delltphln/image/upload/v1764748644/jmn/jmn/krpcjobortfy295bgaqh.jpg",news,68e09c2addcc325f8c7614ae,"","",no_update
jmn/krpcjobortfy295bgaqh,"https://res.cloudinary.com/dc52qrj3q/image/upload/v1764573301/jmn/krpcjobortfy295bgaqh.jpg","https://res.cloudinary.com/delltphln/image/upload/v1764748644/jmn/jmn/krpcjobortfy295bgaqh.jpg",news,68e21090a5e5aa5500eb514c,"","",no_update
jmn/krpcjobortfy295bgaqh,"https://res.cloudinary.com/dc52qrj3q/image/upload/v1764573301/jmn/krpcjobortfy295bgaqh.jpg","https://res.cloudinary.com/delltphln/image/upload/v1764748644/jmn/jmn/krpcjobortfy295bgaqh.jpg",news,68e49ae6108d2d8ee9baabc2,"","",no_update
jmn/krpcjobortfy295bgaqh,"https://res.cloudinary.com/dc52qrj3q/image/upload/v1764573301/jmn/krpcjobortfy295bgaqh.jpg","https://res.cloudinary.com/delltphln/image/upload/v1764748644/jmn/jmn/krpcjobortfy295bgaqh.jpg",news,68e8d4144b5db7ae62c481fd,"","",no_update
jmn/krpcjobortfy295bgaqh,"https://res.cloudinary.com/dc52qrj3q/image/upload/v1764573301/jmn/krpcjobortfy295bgaqh.jpg","https://res.cloudinary.com/delltphln/image/upload/v1764748644/jmn/jmn/krpcjobortfy295bgaqh.jpg",news,68f8593be8b612b3cfd56ead,"","",no_update
jmn/krpcjobortfy295bgaqh,"https://res.cloudinary.com/dc52qrj3q/image/upload/v1764573301/jmn/krpcjobortfy295bgaqh.jpg","https://res.cloudinary.com/delltphln/image/upload/v1764748644/jmn/jmn/krpcjobortfy295bgaqh.jpg",news,68fc6d9043781c27c1b491ac,"","",no_update
jmn/krpcjobortfy295bgaqh,"https://res.cloudinary.com/dc52qrj3q/image/upload/v1764573301/jmn/krpcjobortfy295bgaqh.jpg","https://res.cloudinary.com/delltphln/image/upload/v1764748644/jmn/jmn/krpcjobortfy295bgaqh.jpg",news,68ff3065537d6519d66367cd,"","",no_update
jmn/krpcjobortfy295bgaqh,"https://res.cloudinary.com/dc52qrj3q/image/upload/v1764573301/jmn/krpcjobortfy295bgaqh.jpg","https://res.cloudinary.com/delltphln/image/upload/v1764748644/jmn/jmn/krpcjobortfy295bgaqh.jpg",news,69007fabe6b8b64b68b7452b,"","",no_update
jmn/krpcjobortfy295bgaqh,"https://res.cloudinary.com/dc52qrj3q/image/upload/v1764573301/jmn/krpcjobortfy295bgaqh.jpg","https://res.cloudinary.com/delltphln/image/upload/v1764748644/jmn/jmn/krpcjobortfy295bgaqh.jpg",news,6901fe47192fce23a99923a4,"","",no_update
jmn/krpcjobortfy295bgaqh,"https://res.cloudinary.com/dc52qrj3q/image/upload/v1764573301/jmn/krpcjobortfy295bgaqh.jpg","https://res.cloudinary.com/delltphln/image/upload/v1764748644/jmn/jmn/krpcjobortfy295bgaqh.jpg",news,690387e4f0304262f9dc92da,"","",no_update
jmn/krpcjobortfy295bgaqh,"https://res.cloudinary.com/dc52qrj3q/image/upload/v1764573301/jmn/krpcjobortfy295bgaqh.jpg","https://res.cloudinary.com/delltphln/image/upload/v1764748644/jmn/jmn/krpcjobortfy295bgaqh.jpg",news,69039ef1d9bb9877be6f49a5,"","",no_update
jmn/krpcjobortfy295bgaqh,"https://res.cloudinary.com/dc52qrj3q/image/upload/v1764573301/jmn/krpcjobortfy295bgaqh.jpg","https://res.cloudinary.com/delltphln/image/upload/v1764748644/jmn/jmn/krpcjobortfy295bgaqh.jpg",news,6905951b4293ff9e1c632f4d,"","",no_update
jmn/krpcjobortfy295bgaqh,"https://res.cloudinary.com/dc52qrj3q/image/upload/v1764573301/jmn/krpcjobortfy295bgaqh.jpg","https://res.cloudinary.com/delltphln/image/upload/v1764748644/jmn/jmn/krpcjobortfy295bgaqh.jpg",news,6905ca516db793f5c3afdb41,"","",no_update
jmn/krpcjobortfy295bgaqh,"https://res.cloudinary.com/dc52qrj3q/image/upload/v1764573301/jmn/krpcjobortfy295bgaqh.jpg","https://res.cloudinary.com/delltphln/image/upload/v1764748644/jmn/jmn/krpcjobortfy295bgaqh.jpg",news,690d861e61736fcb4ce1d4cd,"","",no_update
jmn/krpcjobortfy295bgaqh,"https://res.cloudinary.com/dc52qrj3q/image/upload/v1764573301/jmn/krpcjobortfy295bgaqh.jpg","https://res.cloudinary.com/delltphln/image/upload/v1764748644/jmn/jmn/krpcjobortfy295bgaqh.jpg",news,690f1c2cf74dabac4c7eadfd,"","",no_update
jmn/krpcjobortfy295bgaqh,"https://res.cloudinary.com/dc52qrj3q/image/upload/v1764573301/jmn/krpcjobortfy295bgaqh.jpg","https://res.cloudinary.com/delltphln/image/upload/v1764748644/jmn/jmn/krpcjobortfy295bgaqh.jpg",news,6912c35e3074d13a2d4a2f23,"","",no_update
jmn/krpcjobortfy295bgaqh,"https://res.cloudinary.com/dc52qrj3q/image/upload/v1764573301/jmn/krpcjobortfy295bgaqh.jpg","https://res.cloudinary.com/delltphln/image/upload/v1764748644/jmn/jmn/krpcjobortfy295bgaqh.jpg",news,691591ed7f5f564721c2104d,"","",no_update
jmn/krpcjobortfy295bgaqh,"https://res.cloudinary.com/dc52qrj3q/image/upload/v1764573301/jmn/krpcjobortfy295bgaqh.jpg","https://res.cloudinary.com/delltphln/image/upload/v1764748644/jmn/jmn/krpcjobortfy295bgaqh.jpg",news,6915e9b9da86fbcc838c6d52,"","",no_update
jmn/krpcjobortfy295bgaqh,"https://res.cloudinary.com/dc52qrj3q/image/upload/v1764573301/jmn/krpcjobortfy295bgaqh.jpg","https://res.cloudinary.com/delltphln/image/upload/v1764748644/jmn/jmn/krpcjobortfy295bgaqh.jpg",news,69196a1584d4a44bade4252a,"","",no_update
jmn/krpcjobortfy295bgaqh,"https://res.cloudinary.com/dc52qrj3q/image/upload/v1764573301/jmn/krpcjobortfy295bgaqh.jpg","https://res.cloudinary.com/delltphln/image/upload/v1764748644/jmn/jmn/krpcjobortfy295bgaqh.jpg",news,691ae8806b1e6bec25b7c9b3,"","",no_update
jmn/krpcjobortfy295bgaqh,"https://res.cloudinary.com/dc52qrj3q/image/upload/v1764573301/jmn/krpcjobortfy295bgaqh.jpg","https://res.cloudinary.com/delltphln/image/upload/v1764748644/jmn/jmn/krpcjobortfy295bgaqh.jpg",news,691ae9836b1e6bec25b7c9ba,"","",no_update
jmn/krpcjobortfy295bgaqh,"https://res.cloudinary.com/dc52qrj3q/image/upload/v1764573301/jmn/krpcjobortfy295bgaqh.jpg","https://res.cloudinary.com/delltphln/image/upload/v1764748644/jmn/jmn/krpcjobortfy295bgaqh.jpg",news,691c03cadfb23e3a1729e0c7,"","",no_update
jmn/krpcjobortfy295bgaqh,"https://res.cloudinary.com/dc52qrj3q/image/upload/v1764573301/jmn/krpcjobortfy295bgaqh.jpg","https://res.cloudinary.com/delltphln/image/upload/v1764748644/jmn/jmn/krpcjobortfy295bgaqh.jpg",news,691c9d10fc85275df7eff925,"","",no_update
jmn/krpcjobortfy295bgaqh,"https://res.cloudinary.com/dc52qrj3q/image/upload/v1764573301/jmn/krpcjobortfy295bgaqh.jpg","https://res.cloudinary.com/delltphln/image/upload/v1764748644/jmn/jmn/krpcjobortfy295bgaqh.jpg",news,692a8c2ec9e2574cb555a92e,"","",no_update
jmn/krpcjobortfy295bgaqh,"https://res.cloudinary.com/dc52qrj3q/image/upload/v1764573301/jmn/krpcjobortfy295bgaqh.jpg","https://res.cloudinary.com/delltphln/image/upload/v1764748644/jmn/jmn/krpcjobortfy295bgaqh.jpg",news,692f2ec6945a40ed4f3c0bac,"","",no_update
jmn/idre9jxrdv65vzvwwxe8,"https://res.cloudinary.com/dc52qrj3q/image/upload/v1754738201/jmn/idre9jxrdv65vzvwwxe8.jpg","https://res.cloudinary.com/delltphln/image/upload/v1764748674/jmn/jmn/idre9jxrdv65vzvwwxe8.jpg",posters,68972e1a09a70e298cb1c6fc,"{""image"":""https://res.cloudinary.com/dc52qrj3q/image/upload/v1754738201/jmn/idre9jxrdv65vzvwwxe8.jpg""}","{""image"":""https://res.cloudinary.com/delltphln/image/upload/v1764748674/jmn/jmn/idre9jxrdv65vzvwwxe8.jpg""}",preview
jmn/eqlfs9vgab0hkm9kb1b0,"https://res.cloudinary.com/dc52qrj3q/image/upload/v1753422141/jmn/eqlfs9vgab0hkm9kb1b0.jpg","https://res.cloudinary.com/delltphln/image/upload/v1764748675/jmn/jmn/eqlfs9vgab0hkm9kb1b0.jpg",posters,6883193f4d9e4428c102deb8,"{""image"":""https://res.cloudinary.com/dc52qrj3q/image/upload/v1753422141/jmn/eqlfs9vgab0hkm9kb1b0.jpg""}","{""image"":""https://res.cloudinary.com/delltphln/image/upload/v1764748675/jmn/jmn/eqlfs9vgab0hkm9kb1b0.jpg""}",preview
jmn/smnumatdxibs3bjnzwlm,"https://res.cloudinary.com/dc52qrj3q/image/upload/v1754738228/jmn/smnumatdxibs3bjnzwlm.jpg","https://res.cloudinary.com/delltphln/image/upload/v1764748674/jmn/jmn/smnumatdxibs3bjnzwlm.jpg",posters,68972e3509a70e298cb1c6ff,"{""image"":""https://res.cloudinary.com/dc52qrj3q/image/upload/v1754738228/jmn/smnumatdxibs3bjnzwlm.jpg""}","{""image"":""https://res.cloudinary.com/delltphln/image/upload/v1764748674/jmn/jmn/smnumatdxibs3bjnzwlm.jpg""}",preview
jmn/dybbuiwd8opynwej5o2r,"https://res.cloudinary.com/dc52qrj3q/image/upload/v1753422055/jmn/dybbuiwd8opynwej5o2r.jpg","https://res.cloudinary.com/delltphln/image/upload/v1764748675/jmn/jmn/dybbuiwd8opynwej5o2r.jpg",posters,688318e84d9e4428c102deb5,"{""image"":""https://res.cloudinary.com/dc52qrj3q/image/upload/v1753422055/jmn/dybbuiwd8opynwej5o2r.jpg""}","{""image"":""https://res.cloudinary.com/delltphln/image/upload/v1764748675/jmn/jmn/dybbuiwd8opynwej5o2r.jpg""}",preview
jmn/u5b7xoktoklslsuvistj,"https://res.cloudinary.com/dc52qrj3q/image/upload/v1752683751/jmn/u5b7xoktoklslsuvistj.jpg","https://res.cloudinary.com/delltphln/image/upload/v1764748678/jmn/jmn/u5b7xoktoklslsuvistj.jpg",posters,6877d4e837711e2276414d9d,"{""image"":""https://res.cloudinary.com/dc52qrj3q/image/upload/v1752683751/jmn/u5b7xoktoklslsuvistj.jpg""}","{""image"":""https://res.cloudinary.com/delltphln/image/upload/v1764748678/jmn/jmn/u5b7xoktoklslsuvistj.jpg""}",preview
jmn/m2qlsf4mxhgg26jousct,"https://res.cloudinary.com/dc52qrj3q/image/upload/v1752466740/jmn/m2qlsf4mxhgg26jousct.jpg","https://res.cloudinary.com/delltphln/image/upload/v1764748678/jmn/jmn/m2qlsf4mxhgg26jousct.jpg",posters,6874853478677bd0ee4fdf76,"{""image"":""https://res.cloudinary.com/dc52qrj3q/image/upload/v1752466740/jmn/m2qlsf4mxhgg26jousct.jpg""}","{""image"":""https://res.cloudinary.com/delltphln/image/upload/v1764748678/jmn/jmn/m2qlsf4mxhgg26jousct.jpg""}",preview
jmn/iaxgluthuszbvoljwe5u,"https://res.cloudinary.com/dc52qrj3q/image/upload/v1751815252/jmn/iaxgluthuszbvoljwe5u.jpg","https://res.cloudinary.com/delltphln/image/upload/v1764748678/jmn/jmn/iaxgluthuszbvoljwe5u.jpg",posters,686a94555281195ea6a04686,"{""image"":""https://res.cloudinary.com/dc52qrj3q/image/upload/v1751815252/jmn/iaxgluthuszbvoljwe5u.jpg""}","{""image"":""https://res.cloudinary.com/delltphln/image/upload/v1764748678/jmn/jmn/iaxgluthuszbvoljwe5u.jpg""}",preview
jmn/mjmtflptuadlv3xdndb7,"https://res.cloudinary.com/dc52qrj3q/image/upload/v1751815204/jmn/mjmtflptuadlv3xdndb7.jpg","https://res.cloudinary.com/delltphln/image/upload/v1764748678/jmn/jmn/mjmtflptuadlv3xdndb7.jpg",posters,686a94245281195ea6a04683,"{""image"":""https://res.cloudinary.com/dc52qrj3q/image/upload/v1751815204/jmn/mjmtflptuadlv3xdndb7.jpg""}","{""image"":""https://res.cloudinary.com/delltphln/image/upload/v1764748678/jmn/jmn/mjmtflptuadlv3xdndb7.jpg""}",preview
jmn/ufedvco1h6vlgllgf34h,"https://res.cloudinary.com/dc52qrj3q/image/upload/v1751815183/jmn/ufedvco1h6vlgllgf34h.jpg","https://res.cloudinary.com/delltphln/image/upload/v1764748678/jmn/jmn/ufedvco1h6vlgllgf34h.jpg",posters,686a94105281195ea6a04680,"{""image"":""https://res.cloudinary.com/dc52qrj3q/image/upload/v1751815183/jmn/ufedvco1h6vlgllgf34h.jpg""}","{""image"":""https://res.cloudinary.com/delltphln/image/upload/v1764748678/jmn/jmn/ufedvco1h6vlgllgf34h.jpg""}",preview
jmn/taadh9gawpoivmnqqa6i,"https://res.cloudinary.com/dc52qrj3q/image/upload/v1751815135/jmn/taadh9gawpoivmnqqa6i.jpg","https://res.cloudinary.com/delltphln/image/upload/v1764748679/jmn/jmn/taadh9gawpoivmnqqa6i.jpg",posters,686a93df5281195ea6a0467d,"{""image"":""https://res.cloudinary.com/dc52qrj3q/image/upload/v1751815135/jmn/taadh9gawpoivmnqqa6i.jpg""}","{""image"":""https://res.cloudinary.com/delltphln/image/upload/v1764748679/jmn/jmn/taadh9gawpoivmnqqa6i.jpg""}",preview
jmn/t9o27y2grow00s16gizy,"https://res.cloudinary.com/dc52qrj3q/image/upload/v1751815049/jmn/t9o27y2grow00s16gizy.jpg","https://res.cloudinary.com/delltphln/image/upload/v1764748679/jmn/jmn/t9o27y2grow00s16gizy.jpg",posters,686a938a5281195ea6a04677,"{""image"":""https://res.cloudinary.com/dc52qrj3q/image/upload/v1751815049/jmn/t9o27y2grow00s16gizy.jpg""}","{""image"":""https://res.cloudinary.com/delltphln/image/upload/v1764748679/jmn/jmn/t9o27y2grow00s16gizy.jpg""}",preview
jmn/xt1bq5lgc15bs3wuabqh,"https://res.cloudinary.com/dc52qrj3q/image/upload/v1751815091/jmn/xt1bq5lgc15bs3wuabqh.jpg","https://res.cloudinary.com/delltphln/image/upload/v1764748679/jmn/jmn/xt1bq5lgc15bs3wuabqh.jpg",posters,686a93b45281195ea6a0467a,"{""image"":""https://res.cloudinary.com/dc52qrj3q/image/upload/v1751815091/jmn/xt1bq5lgc15bs3wuabqh.jpg""}","{""image"":""https://res.cloudinary.com/delltphln/image/upload/v1764748679/jmn/jmn/xt1bq5lgc15bs3wuabqh.jpg""}",preview
jmn/oqlevtgoycwclwmshclf,"https://res.cloudinary.com/dc52qrj3q/image/upload/v1749108611/jmn/oqlevtgoycwclwmshclf.jpg","https://res.cloudinary.com/delltphln/image/upload/v1764748681/jmn/jmn/oqlevtgoycwclwmshclf.jpg",posters,68414784e32babc34086bed6,"{""image"":""https://res.cloudinary.com/dc52qrj3q/image/upload/v1749108611/jmn/oqlevtgoycwclwmshclf.jpg""}","{""image"":""https://res.cloudinary.com/delltphln/image/upload/v1764748681/jmn/jmn/oqlevtgoycwclwmshclf.jpg""}",preview
jmn/jgoac4ulxv7vffqtu145,"https://res.cloudinary.com/dc52qrj3q/image/upload/v1749108592/jmn/jgoac4ulxv7vffqtu145.jpg","https://res.cloudinary.com/delltphln/image/upload/v1764748681/jmn/jmn/jgoac4ulxv7vffqtu145.jpg",posters,68414770e32babc34086bed0,"{""image"":""https://res.cloudinary.com/dc52qrj3q/image/upload/v1749108592/jmn/jgoac4ulxv7vffqtu145.jpg""}","{""image"":""https://res.cloudinary.com/delltphln/image/upload/v1764748681/jmn/jmn/jgoac4ulxv7vffqtu145.jpg""}",preview
jmn/snzmfmxiewrlio2ifznh,"https://res.cloudinary.com/dc52qrj3q/image/upload/v1753422193/jmn/snzmfmxiewrlio2ifznh.jpg","https://res.cloudinary.com/delltphln/image/upload/v1764748675/jmn/jmn/snzmfmxiewrlio2ifznh.jpg",posters,688319724d9e4428c102debb,"{""image"":""https://res.cloudinary.com/dc52qrj3q/image/upload/v1753422193/jmn/snzmfmxiewrlio2ifznh.jpg""}","{""image"":""https://res.cloudinary.com/delltphln/image/upload/v1764748675/jmn/jmn/snzmfmxiewrlio2ifznh.jpg""}",preview
jmn/pdpb3crdiva5nk57g9jt,"https://res.cloudinary.com/dc52qrj3q/image/upload/v1749108600/jmn/pdpb3crdiva5nk57g9jt.jpg","https://res.cloudinary.com/delltphln/image/upload/v1764748681/jmn/jmn/pdpb3crdiva5nk57g9jt.jpg",posters,68414779e32babc34086bed3,"{""image"":""https://res.cloudinary.com/dc52qrj3q/image/upload/v1749108600/jmn/pdpb3crdiva5nk57g9jt.jpg""}","{""image"":""https://res.cloudinary.com/delltphln/image/upload/v1764748681/jmn/jmn/pdpb3crdiva5nk57g9jt.jpg""}",preview
jmn/j1sdcbhsvqcb7shur3k3,"https://res.cloudinary.com/dc52qrj3q/image/upload/v1747121448/jmn/j1sdcbhsvqcb7shur3k3.jpg","https://res.cloudinary.com/delltphln/image/upload/v1764748683/jmn/jmn/j1sdcbhsvqcb7shur3k3.jpg",posters,6822f5292530763fdd6d525b,"{""image"":""https://res.cloudinary.com/dc52qrj3q/image/upload/v1747121448/jmn/j1sdcbhsvqcb7shur3k3.jpg""}","{""image"":""https://res.cloudinary.com/delltphln/image/upload/v1764748683/jmn/jmn/j1sdcbhsvqcb7shur3k3.jpg""}",preview
jmn/pugakqf01k8akh1pztc5,"https://res.cloudinary.com/dc52qrj3q/image/upload/v1746177937/jmn/pugakqf01k8akh1pztc5.jpg","https://res.cloudinary.com/delltphln/image/upload/v1764748684/jmn/jmn/pugakqf01k8akh1pztc5.jpg",posters,68148f92981ccc0580c6d96c,"{""image"":""https://res.cloudinary.com/dc52qrj3q/image/upload/v1746177937/jmn/pugakqf01k8akh1pztc5.jpg""}","{""image"":""https://res.cloudinary.com/delltphln/image/upload/v1764748684/jmn/jmn/pugakqf01k8akh1pztc5.jpg""}",preview
jmn/gc3zcbpx9yvmpi3owh2y,"https://res.cloudinary.com/dc52qrj3q/image/upload/v1746177870/jmn/gc3zcbpx9yvmpi3owh2y.jpg","https://res.cloudinary.com/delltphln/image/upload/v1764748684/jmn/jmn/gc3zcbpx9yvmpi3owh2y.jpg",posters,68148f4e981ccc0580c6d969,"{""image"":""https://res.cloudinary.com/dc52qrj3q/image/upload/v1746177870/jmn/gc3zcbpx9yvmpi3owh2y.jpg""}","{""image"":""https://res.cloudinary.com/delltphln/image/upload/v1764748684/jmn/jmn/gc3zcbpx9yvmpi3owh2y.jpg""}",preview
jmn/logsbbb0ehlzmgqi0uji,"https://res.cloudinary.com/dc52qrj3q/image/upload/v1744009198/jmn/logsbbb0ehlzmgqi0uji.jpg","https://res.cloudinary.com/delltphln/image/upload/v1764748686/jmn/jmn/logsbbb0ehlzmgqi0uji.jpg",posters,67f377efdf2842741e15fb57,"{""image"":""https://res.cloudinary.com/dc52qrj3q/image/upload/v1744009198/jmn/logsbbb0ehlzmgqi0uji.jpg""}","{""image"":""https://res.cloudinary.com/delltphln/image/upload/v1764748686/jmn/jmn/logsbbb0ehlzmgqi0uji.jpg""}",preview
jmn/th7ngorkwob5tmk8hbut,"https://res.cloudinary.com/dc52qrj3q/image/upload/v1744008993/jmn/th7ngorkwob5tmk8hbut.jpg","https://res.cloudinary.com/delltphln/image/upload/v1764748686/jmn/jmn/th7ngorkwob5tmk8hbut.jpg",posters,67f37722df2842741e15fb4f,"{""image"":""https://res.cloudinary.com/dc52qrj3q/image/upload/v1744008993/jmn/th7ngorkwob5tmk8hbut.jpg""}","{""image"":""https://res.cloudinary.com/delltphln/image/upload/v1764748686/jmn/jmn/th7ngorkwob5tmk8hbut.jpg""}",preview
jmn/u89jxtokzqh29dmyuyrr,"https://res.cloudinary.com/dc52qrj3q/image/upload/v1744008982/jmn/u89jxtokzqh29dmyuyrr.jpg","https://res.cloudinary.com/delltphln/image/upload/v1764748686/jmn/jmn/u89jxtokzqh29dmyuyrr.jpg",posters,67f37717df2842741e15fb4c,"{""image"":""https://res.cloudinary.com/dc52qrj3q/image/upload/v1744008982/jmn/u89jxtokzqh29dmyuyrr.jpg""}","{""image"":""https://res.cloudinary.com/delltphln/image/upload/v1764748686/jmn/jmn/u89jxtokzqh29dmyuyrr.jpg""}",preview
jmn/czlblzojbx1mnzj3vzg0,"https://res.cloudinary.com/dc52qrj3q/image/upload/v1744008970/jmn/czlblzojbx1mnzj3vzg0.jpg","https://res.cloudinary.com/delltphln/image/upload/v1764748686/jmn/jmn/czlblzojbx1mnzj3vzg0.jpg",posters,67f3770bdf2842741e15fb49,"{""image"":""https://res.cloudinary.com/dc52qrj3q/image/upload/v1744008970/jmn/czlblzojbx1mnzj3vzg0.jpg""}","{""image"":""https://res.cloudinary.com/delltphln/image/upload/v1764748686/jmn/jmn/czlblzojbx1mnzj3vzg0.jpg""}",preview
jmn/ut48qt982yvwcgzvscta,"https://res.cloudinary.com/dc52qrj3q/image/upload/v1744008957/jmn/ut48qt982yvwcgzvscta.jpg","https://res.cloudinary.com/delltphln/image/upload/v1764748686/jmn/jmn/ut48qt982yvwcgzvscta.jpg",posters,67f376fddf2842741e15fb46,"{""image"":""https://res.cloudinary.com/dc52qrj3q/image/upload/v1744008957/jmn/ut48qt982yvwcgzvscta.jpg""}","{""image"":""https://res.cloudinary.com/delltphln/image/upload/v1764748686/jmn/jmn/ut48qt982yvwcgzvscta.jpg""}",preview
jmn/mqgxpzfki0duigxjk1tp,"https://res.cloudinary.com/dc52qrj3q/image/upload/v1744008944/jmn/mqgxpzfki0duigxjk1tp.jpg","https://res.cloudinary.com/delltphln/image/upload/v1764748686/jmn/jmn/mqgxpzfki0duigxjk1tp.jpg",posters,67f376f1df2842741e15fb43,"{""image"":""https://res.cloudinary.com/dc52qrj3q/image/upload/v1744008944/jmn/mqgxpzfki0duigxjk1tp.jpg""}","{""image"":""https://res.cloudinary.com/delltphln/image/upload/v1764748686/jmn/jmn/mqgxpzfki0duigxjk1tp.jpg""}",preview
jmn/eh07ytcid7ceht30zfxu,"https://res.cloudinary.com/dc52qrj3q/image/upload/v1744008931/jmn/eh07ytcid7ceht30zfxu.jpg","https://res.cloudinary.com/delltphln/image/upload/v1764748687/jmn/jmn/eh07ytcid7ceht30zfxu.jpg",posters,67f376e4df2842741e15fb40,"{""image"":""https://res.cloudinary.com/dc52qrj3q/image/upload/v1744008931/jmn/eh07ytcid7ceht30zfxu.jpg""}","{""image"":""https://res.cloudinary.com/delltphln/image/upload/v1764748687/jmn/jmn/eh07ytcid7ceht30zfxu.jpg""}",preview
jmn/vlfusyucuwdo4sosnnb8,"https://res.cloudinary.com/dc52qrj3q/image/upload/v1744008919/jmn/vlfusyucuwdo4sosnnb8.jpg","https://res.cloudinary.com/delltphln/image/upload/v1764748687/jmn/jmn/vlfusyucuwdo4sosnnb8.jpg",posters,67f376d7df2842741e15fb3d,"{""image"":""https://res.cloudinary.com/dc52qrj3q/image/upload/v1744008919/jmn/vlfusyucuwdo4sosnnb8.jpg""}","{""image"":""https://res.cloudinary.com/delltphln/image/upload/v1764748687/jmn/jmn/vlfusyucuwdo4sosnnb8.jpg""}",preview
jmn/mpelsm5jag7nxrcfthzf,"https://res.cloudinary.com/dc52qrj3q/image/upload/v1744008908/jmn/mpelsm5jag7nxrcfthzf.jpg","https://res.cloudinary.com/delltphln/image/upload/v1764748687/jmn/jmn/mpelsm5jag7nxrcfthzf.jpg",posters,67f376ccdf2842741e15fb3a,"{""image"":""https://res.cloudinary.com/dc52qrj3q/image/upload/v1744008908/jmn/mpelsm5jag7nxrcfthzf.jpg""}","{""image"":""https://res.cloudinary.com/delltphln/image/upload/v1764748687/jmn/jmn/mpelsm5jag7nxrcfthzf.jpg""}",preview
jmn/ecyol0q30wwmhvw0kdjz,"https://res.cloudinary.com/dc52qrj3q/image/upload/v1744008835/jmn/ecyol0q30wwmhvw0kdjz.jpg","https://res.cloudinary.com/delltphln/image/upload/v1764748687/jmn/jmn/ecyol0q30wwmhvw0kdjz.jpg",posters,67f37684ebd0d43321bb7882,"{""image"":""https://res.cloudinary.com/dc52qrj3q/image/upload/v1744008835/jmn/ecyol0q30wwmhvw0kdjz.jpg""}","{""image"":""https://res.cloudinary.com/delltphln/image/upload/v1764748687/jmn/jmn/ecyol0q30wwmhvw0kdjz.jpg""}",preview
jmn/ocuiufo5kweyaj0kdamb,"https://res.cloudinary.com/dc52qrj3q/image/upload/v1744008894/jmn/ocuiufo5kweyaj0kdamb.jpg","https://res.cloudinary.com/delltphln/image/upload/v1764748687/jmn/jmn/ocuiufo5kweyaj0kdamb.jpg",posters,67f376bfdf2842741e15fb37,"{""image"":""https://res.cloudinary.com/dc52qrj3q/image/upload/v1744008894/jmn/ocuiufo5kweyaj0kdamb.jpg""}","{""image"":""https://res.cloudinary.com/delltphln/image/upload/v1764748687/jmn/jmn/ocuiufo5kweyaj0kdamb.jpg""}",preview
jmn/zedw4iyrdozvx9scffar,"https://res.cloudinary.com/dc52qrj3q/image/upload/v1744007297/jmn/zedw4iyrdozvx9scffar.jpg","https://res.cloudinary.com/delltphln/image/upload/v1764748688/jmn/jmn/zedw4iyrdozvx9scffar.jpg",posters,67f37082ebd0d43321bb7872,"{""image"":""https://res.cloudinary.com/dc52qrj3q/image/upload/v1744007297/jmn/zedw4iyrdozvx9scffar.jpg""}","{""image"":""https://res.cloudinary.com/delltphln/image/upload/v1764748688/jmn/jmn/zedw4iyrdozvx9scffar.jpg""}",preview
jmn/gfpg6p9mw9i8rn94huvn,"https://res.cloudinary.com/dc52qrj3q/image/upload/v1744007274/jmn/gfpg6p9mw9i8rn94huvn.jpg","https://res.cloudinary.com/delltphln/image/upload/v1764748688/jmn/jmn/gfpg6p9mw9i8rn94huvn.jpg",posters,67f3706aebd0d43321bb786f,"{""image"":""https://res.cloudinary.com/dc52qrj3q/image/upload/v1744007274/jmn/gfpg6p9mw9i8rn94huvn.jpg""}","{""image"":""https://res.cloudinary.com/delltphln/image/upload/v1764748688/jmn/jmn/gfpg6p9mw9i8rn94huvn.jpg""}",preview
jmn/eqj0uubov4llerndhps9,"https://res.cloudinary.com/dc52qrj3q/image/upload/v1744008875/jmn/eqj0uubov4llerndhps9.jpg","https://res.cloudinary.com/delltphln/image/upload/v1764748687/jmn/jmn/eqj0uubov4llerndhps9.jpg",posters,67f376abdf2842741e15fb34,"{""image"":""https://res.cloudinary.com/dc52qrj3q/image/upload/v1744008875/jmn/eqj0uubov4llerndhps9.jpg""}","{""image"":""https://res.cloudinary.com/delltphln/image/upload/v1764748687/jmn/jmn/eqj0uubov4llerndhps9.jpg""}",preview
jmn/b3qvh5cvsdpylwg7oijl,"https://res.cloudinary.com/dc52qrj3q/image/upload/v1744007216/jmn/b3qvh5cvsdpylwg7oijl.jpg","https://res.cloudinary.com/delltphln/image/upload/v1764748688/jmn/jmn/b3qvh5cvsdpylwg7oijl.jpg",posters,67f37030ebd0d43321bb7862,"{""image"":""https://res.cloudinary.com/dc52qrj3q/image/upload/v1744007216/jmn/b3qvh5cvsdpylwg7oijl.jpg""}","{""image"":""https://res.cloudinary.com/delltphln/image/upload/v1764748688/jmn/jmn/b3qvh5cvsdpylwg7oijl.jpg""}",preview
jmn/dbqkk5idehouc6ludwhv,"https://res.cloudinary.com/dc52qrj3q/image/upload/v1744007262/jmn/dbqkk5idehouc6ludwhv.jpg","https://res.cloudinary.com/delltphln/image/upload/v1764748688/jmn/jmn/dbqkk5idehouc6ludwhv.jpg",posters,67f3705eebd0d43321bb786c,"{""image"":""https://res.cloudinary.com/dc52qrj3q/image/upload/v1744007262/jmn/dbqkk5idehouc6ludwhv.jpg""}","{""image"":""https://res.cloudinary.com/delltphln/image/upload/v1764748688/jmn/jmn/dbqkk5idehouc6ludwhv.jpg""}",preview
jmn/wkxhqyv06ahfkv7wusg7,"https://res.cloudinary.com/dc52qrj3q/image/upload/v1744006773/jmn/wkxhqyv06ahfkv7wusg7.jpg","https://res.cloudinary.com/delltphln/image/upload/v1764748688/jmn/jmn/wkxhqyv06ahfkv7wusg7.jpg",posters,67f36e76ebd0d43321bb7858,"{""image"":""https://res.cloudinary.com/dc52qrj3q/image/upload/v1744006773/jmn/wkxhqyv06ahfkv7wusg7.jpg""}","{""image"":""https://res.cloudinary.com/delltphln/image/upload/v1764748688/jmn/jmn/wkxhqyv06ahfkv7wusg7.jpg""}",preview
jmn/qszk3gt1xzvzjzrkaqyn,"https://res.cloudinary.com/dc52qrj3q/image/upload/v1744008709/jmn/qszk3gt1xzvzjzrkaqyn.jpg","https://res.cloudinary.com/delltphln/image/upload/v1764748688/jmn/jmn/qszk3gt1xzvzjzrkaqyn.jpg",posters,67f37606df2842741e15fb2c,"{""image"":""https://res.cloudinary.com/dc52qrj3q/image/upload/v1744008709/jmn/qszk3gt1xzvzjzrkaqyn.jpg""}","{""image"":""https://res.cloudinary.com/delltphln/image/upload/v1764748688/jmn/jmn/qszk3gt1xzvzjzrkaqyn.jpg""}",preview
jmn/n3lx0gdr7bjay9oyzxoj,"https://res.cloudinary.com/dc52qrj3q/image/upload/v1744006692/jmn/n3lx0gdr7bjay9oyzxoj.jpg","https://res.cloudinary.com/delltphln/image/upload/v1764748689/jmn/jmn/n3lx0gdr7bjay9oyzxoj.jpg",posters,67f36e25ebd0d43321bb7854,"{""image"":""https://res.cloudinary.com/dc52qrj3q/image/upload/v1744006692/jmn/n3lx0gdr7bjay9oyzxoj.jpg""}","{""image"":""https://res.cloudinary.com/delltphln/image/upload/v1764748689/jmn/jmn/n3lx0gdr7bjay9oyzxoj.jpg""}",preview
